user_id,app_id,campaign_id,trial_start_date,trial_end_date,status,total_revenue_usd
10000,101,202,2026-03-02,2026-04-01,Trial_Expired,0.0
10001,104,201,2026-01-24,2026-02-23,Trial_Expired,0.0
10002,101,201,2026-03-05,2026-04-04,Trial_Expired,0.0
10002,103,201,2026-03-17,2026-04-16,Trial_Expired,0.0
10002,105,203,2026-03-30,2026-04-29,Active,29.97
10003,101,203,2026-03-03,2026-04-02,Trial_Expired,0.0
10004,102,201,2026-02-20,2026-03-22,Trial_Expired,0.0
10005,105,204,2026-01-09,2026-02-08,Active,19.98
10006,105,204,2026-02-16,2026-03-18,Active,9.99
10007,101,202,2026-02-23,2026-03-25,Trial_Expired,0.0
10008,101,203,2026-03-03,2026-04-02,Trial_Expired,0.0
10009,105,202,2026-03-26,2026-04-25,Trial_Expired,0.0
10009,103,201,2026-02-22,2026-03-24,Trial_Expired,0.0
10009,102,201,2026-03-01,2026-03-31,Trial_Expired,0.0
10010,102,204,2026-01-09,2026-02-08,Trial_Expired,0.0
10011,104,203,2026-02-04,2026-03-06,Trial_Expired,0.0
10012,105,201,2026-03-13,2026-04-12,Trial_Expired,0.0
10013,104,201,2026-02-04,2026-03-06,Trial_Expired,0.0
10014,105,201,2026-01-14,2026-02-13,Trial_Expired,0.0
10014,102,202,2026-03-20,2026-04-19,Trial_Expired,0.0
10014,104,203,2026-03-18,2026-04-17,Active,39.96
10015,103,203,2026-01-23,2026-02-22,Trial_Expired,0.0
10016,102,202,2026-03-27,2026-04-26,Trial_Expired,0.0
10016,105,202,2026-02-14,2026-03-16,Active,9.99
10017,101,204,2026-03-16,2026-04-15,Active,29.97
10018,102,201,2026-03-03,2026-04-02,Active,9.99
10019,105,203,2026-02-20,2026-03-22,Active,39.96
10020,103,202,2026-02-27,2026-03-29,Trial_Expired,0.0
10021,102,202,2026-02-25,2026-03-27,Active,9.99
10021,105,203,2026-01-02,2026-02-01,Trial_Expired,0.0
10022,104,202,2026-01-02,2026-02-01,Trial_Expired,0.0
10023,101,204,2026-01-17,2026-02-16,Trial_Expired,0.0
10023,102,202,2026-03-10,2026-04-09,Trial_Expired,0.0
10023,105,204,2026-03-27,2026-04-26,Trial_Expired,0.0
10024,105,204,2026-03-21,2026-04-20,Active,39.96
10024,102,203,2026-02-28,2026-03-30,Active,19.98
10025,101,203,2026-02-02,2026-03-04,Trial_Expired,0.0
10025,102,203,2026-03-23,2026-04-22,Trial_Expired,0.0
10026,104,204,2026-02-11,2026-03-13,Active,39.96
10027,103,201,2026-01-01,2026-01-31,Active,39.96
10027,102,203,2026-02-06,2026-03-08,Trial_Expired,0.0
10028,101,201,2026-01-24,2026-02-23,Trial_Expired,0.0
10029,104,204,2026-03-25,2026-04-24,Trial_Expired,0.0
10029,105,201,2026-03-30,2026-04-29,Trial_Expired,0.0
10030,103,204,2026-03-21,2026-04-20,Trial_Expired,0.0
10031,103,204,2026-01-20,2026-02-19,Trial_Expired,0.0
10031,104,204,2026-01-07,2026-02-06,Trial_Expired,0.0
10032,101,202,2026-01-22,2026-02-21,Active,19.98
10033,104,203,2026-01-30,2026-03-01,Trial_Expired,0.0
10034,103,204,2026-01-19,2026-02-18,Trial_Expired,0.0
10035,103,203,2026-02-15,2026-03-17,Trial_Expired,0.0
10035,105,201,2026-02-06,2026-03-08,Trial_Expired,0.0
10036,105,203,2026-03-04,2026-04-03,Active,39.96
10037,105,204,2026-02-23,2026-03-25,Trial_Expired,0.0
10038,101,202,2026-01-23,2026-02-22,Active,29.97
10039,102,203,2026-02-12,2026-03-14,Trial_Expired,0.0
10039,103,203,2026-02-11,2026-03-13,Trial_Expired,0.0
10040,103,204,2026-02-26,2026-03-28,Trial_Expired,0.0
10041,102,203,2026-03-07,2026-04-06,Trial_Expired,0.0
10041,101,203,2026-03-27,2026-04-26,Active,19.98
10042,103,202,2026-02-21,2026-03-23,Active,29.97
10042,101,201,2026-03-01,2026-03-31,Active,39.96
10042,104,203,2026-03-01,2026-03-31,Active,9.99
10043,103,201,2026-02-24,2026-03-26,Active,39.96
10044,104,202,2026-03-04,2026-04-03,Trial_Expired,0.0
10044,101,201,2026-02-24,2026-03-26,Active,19.98
10044,103,201,2026-03-03,2026-04-02,Trial_Expired,0.0
10045,103,204,2026-02-03,2026-03-05,Active,19.98
10045,105,201,2026-03-30,2026-04-29,Trial_Expired,0.0
10046,102,203,2026-01-22,2026-02-21,Trial_Expired,0.0
10046,101,203,2026-03-17,2026-04-16,Trial_Expired,0.0
10047,104,202,2026-03-10,2026-04-09,Active,19.98
10047,103,204,2026-03-03,2026-04-02,Trial_Expired,0.0
10048,105,201,2026-02-02,2026-03-04,Trial_Expired,0.0
10049,103,202,2026-02-03,2026-03-05,Active,19.98
10050,102,204,2026-01-04,2026-02-03,Trial_Expired,0.0
10050,103,204,2026-01-02,2026-02-01,Active,39.96
10050,105,202,2026-03-25,2026-04-24,Trial_Expired,0.0
10051,102,203,2026-02-12,2026-03-14,Trial_Expired,0.0
10052,105,201,2026-01-12,2026-02-11,Active,19.98
10052,104,204,2026-02-04,2026-03-06,Active,19.98
10053,101,202,2026-01-07,2026-02-06,Active,9.99
10054,102,204,2026-02-05,2026-03-07,Active,9.99
10054,103,203,2026-03-05,2026-04-04,Trial_Expired,0.0
10055,104,204,2026-01-24,2026-02-23,Trial_Expired,0.0
10056,102,201,2026-03-30,2026-04-29,Active,19.98
10056,104,201,2026-03-03,2026-04-02,Trial_Expired,0.0
10057,104,203,2026-01-12,2026-02-11,Trial_Expired,0.0
10058,101,203,2026-02-21,2026-03-23,Trial_Expired,0.0
10059,104,203,2026-03-26,2026-04-25,Trial_Expired,0.0
10060,104,202,2026-02-08,2026-03-10,Trial_Expired,0.0
10060,103,201,2026-01-05,2026-02-04,Trial_Expired,0.0
10061,104,201,2026-02-27,2026-03-29,Trial_Expired,0.0
10062,103,202,2026-02-19,2026-03-21,Trial_Expired,0.0
10062,101,202,2026-01-05,2026-02-04,Trial_Expired,0.0
10063,104,201,2026-01-17,2026-02-16,Trial_Expired,0.0
10063,103,202,2026-02-14,2026-03-16,Trial_Expired,0.0
10063,102,204,2026-01-31,2026-03-02,Trial_Expired,0.0
10064,105,201,2026-02-08,2026-03-10,Trial_Expired,0.0
10065,101,203,2026-03-13,2026-04-12,Active,9.99
10066,103,201,2026-03-04,2026-04-03,Trial_Expired,0.0
10066,101,201,2026-02-25,2026-03-27,Trial_Expired,0.0
10067,102,202,2026-02-16,2026-03-18,Trial_Expired,0.0
10067,103,201,2026-03-26,2026-04-25,Trial_Expired,0.0
10067,105,204,2026-02-05,2026-03-07,Trial_Expired,0.0
10068,103,202,2026-01-31,2026-03-02,Trial_Expired,0.0
10069,105,204,2026-01-16,2026-02-15,Trial_Expired,0.0
10070,101,202,2026-02-05,2026-03-07,Trial_Expired,0.0
10071,102,203,2026-03-05,2026-04-04,Trial_Expired,0.0
10072,103,201,2026-01-29,2026-02-28,Active,29.97
10073,102,204,2026-01-25,2026-02-24,Trial_Expired,0.0
10073,105,201,2026-01-30,2026-03-01,Trial_Expired,0.0
10073,101,202,2026-01-05,2026-02-04,Active,9.99
10074,104,203,2026-03-04,2026-04-03,Trial_Expired,0.0
10074,102,201,2026-01-27,2026-02-26,Trial_Expired,0.0
10075,102,201,2026-02-24,2026-03-26,Trial_Expired,0.0
10076,104,201,2026-01-23,2026-02-22,Trial_Expired,0.0
10077,105,201,2026-03-14,2026-04-13,Active,29.97
10077,102,201,2026-03-18,2026-04-17,Active,9.99
10078,101,202,2026-02-08,2026-03-10,Trial_Expired,0.0
10078,105,203,2026-02-23,2026-03-25,Trial_Expired,0.0
10079,103,203,2026-02-26,2026-03-28,Trial_Expired,0.0
10080,104,204,2026-03-16,2026-04-15,Active,19.98
10081,101,203,2026-03-20,2026-04-19,Trial_Expired,0.0
10082,103,203,2026-03-20,2026-04-19,Trial_Expired,0.0
10082,104,201,2026-02-20,2026-03-22,Trial_Expired,0.0
10083,103,202,2026-03-25,2026-04-24,Trial_Expired,0.0
10084,103,203,2026-02-12,2026-03-14,Active,29.97
10084,104,203,2026-01-23,2026-02-22,Active,29.97
10085,102,204,2026-03-08,2026-04-07,Trial_Expired,0.0
10086,105,201,2026-01-05,2026-02-04,Active,19.98
10087,103,201,2026-03-31,2026-04-30,Trial_Expired,0.0
10088,104,203,2026-02-16,2026-03-18,Trial_Expired,0.0
10089,102,204,2026-01-26,2026-02-25,Trial_Expired,0.0
10090,102,202,2026-02-25,2026-03-27,Trial_Expired,0.0
10090,101,204,2026-01-28,2026-02-27,Trial_Expired,0.0
10091,101,203,2026-01-07,2026-02-06,Trial_Expired,0.0
10091,104,203,2026-01-18,2026-02-17,Trial_Expired,0.0
10092,104,201,2026-03-15,2026-04-14,Trial_Expired,0.0
10093,104,204,2026-01-13,2026-02-12,Trial_Expired,0.0
10094,103,204,2026-03-27,2026-04-26,Trial_Expired,0.0
10095,105,204,2026-01-06,2026-02-05,Trial_Expired,0.0
10096,105,202,2026-02-02,2026-03-04,Active,9.99
10097,101,204,2026-03-03,2026-04-02,Trial_Expired,0.0
10098,101,202,2026-02-05,2026-03-07,Trial_Expired,0.0
10098,102,203,2026-03-07,2026-04-06,Trial_Expired,0.0
10099,103,203,2026-03-03,2026-04-02,Trial_Expired,0.0
10099,105,203,2026-03-16,2026-04-15,Trial_Expired,0.0
10100,101,201,2026-03-09,2026-04-08,Trial_Expired,0.0
10100,103,201,2026-01-20,2026-02-19,Active,29.97
10101,104,201,2026-03-18,2026-04-17,Trial_Expired,0.0
10101,101,201,2026-01-06,2026-02-05,Active,19.98
10102,103,201,2026-01-02,2026-02-01,Active,29.97
10103,105,202,2026-02-07,2026-03-09,Trial_Expired,0.0
10104,101,204,2026-03-16,2026-04-15,Trial_Expired,0.0
10105,105,203,2026-03-05,2026-04-04,Trial_Expired,0.0
10106,105,203,2026-02-06,2026-03-08,Trial_Expired,0.0
10106,101,204,2026-03-19,2026-04-18,Trial_Expired,0.0
10107,104,202,2026-03-13,2026-04-12,Trial_Expired,0.0
10108,104,201,2026-03-04,2026-04-03,Trial_Expired,0.0
10108,103,203,2026-01-17,2026-02-16,Trial_Expired,0.0
10109,102,203,2026-02-20,2026-03-22,Trial_Expired,0.0
10110,105,202,2026-01-29,2026-02-28,Trial_Expired,0.0
10110,101,202,2026-01-27,2026-02-26,Trial_Expired,0.0
10111,102,202,2026-02-02,2026-03-04,Active,19.98
10111,104,202,2026-01-10,2026-02-09,Trial_Expired,0.0
10112,101,203,2026-03-29,2026-04-28,Trial_Expired,0.0
10113,104,203,2026-03-17,2026-04-16,Trial_Expired,0.0
10113,102,203,2026-02-05,2026-03-07,Trial_Expired,0.0
10114,101,203,2026-02-07,2026-03-09,Active,29.97
10115,105,203,2026-03-03,2026-04-02,Active,9.99
10116,105,202,2026-02-06,2026-03-08,Trial_Expired,0.0
10116,102,202,2026-01-31,2026-03-02,Trial_Expired,0.0
10117,104,202,2026-01-01,2026-01-31,Active,9.99
10118,104,201,2026-02-24,2026-03-26,Active,29.97
10118,102,202,2026-02-16,2026-03-18,Active,9.99
10119,104,202,2026-03-04,2026-04-03,Trial_Expired,0.0
10119,103,203,2026-03-16,2026-04-15,Trial_Expired,0.0
10120,104,203,2026-02-12,2026-03-14,Active,29.97
10121,104,203,2026-03-29,2026-04-28,Active,9.99
10122,103,201,2026-02-18,2026-03-20,Active,39.96
10123,105,201,2026-02-18,2026-03-20,Active,39.96
10124,101,201,2026-02-01,2026-03-03,Trial_Expired,0.0
10125,105,202,2026-02-16,2026-03-18,Trial_Expired,0.0
10126,103,201,2026-03-04,2026-04-03,Active,39.96
10127,101,204,2026-03-24,2026-04-23,Trial_Expired,0.0
10128,103,203,2026-01-08,2026-02-07,Active,29.97
10128,101,201,2026-03-29,2026-04-28,Active,29.97
10129,102,203,2026-02-20,2026-03-22,Trial_Expired,0.0
10130,101,204,2026-02-15,2026-03-17,Trial_Expired,0.0
10130,105,203,2026-02-06,2026-03-08,Active,19.98
10131,104,204,2026-02-02,2026-03-04,Active,29.97
10132,105,204,2026-01-01,2026-01-31,Trial_Expired,0.0
10133,105,201,2026-01-12,2026-02-11,Trial_Expired,0.0
10134,103,201,2026-03-27,2026-04-26,Trial_Expired,0.0
10135,101,201,2026-03-22,2026-04-21,Trial_Expired,0.0
10135,104,202,2026-01-14,2026-02-13,Trial_Expired,0.0
10136,103,201,2026-01-04,2026-02-03,Active,9.99
10136,105,202,2026-03-28,2026-04-27,Trial_Expired,0.0
10137,103,201,2026-02-03,2026-03-05,Trial_Expired,0.0
10137,104,202,2026-03-17,2026-04-16,Active,19.98
10137,101,202,2026-03-26,2026-04-25,Active,29.97
10138,105,201,2026-02-22,2026-03-24,Active,9.99
10138,103,202,2026-01-26,2026-02-25,Trial_Expired,0.0
10139,103,203,2026-03-06,2026-04-05,Active,39.96
10140,101,203,2026-02-05,2026-03-07,Trial_Expired,0.0
10141,101,201,2026-01-22,2026-02-21,Trial_Expired,0.0
10141,105,203,2026-02-05,2026-03-07,Trial_Expired,0.0
10142,105,201,2026-03-14,2026-04-13,Trial_Expired,0.0
10143,102,201,2026-02-12,2026-03-14,Trial_Expired,0.0
10144,105,202,2026-02-13,2026-03-15,Trial_Expired,0.0
10145,102,201,2026-02-18,2026-03-20,Active,19.98
10146,101,201,2026-01-21,2026-02-20,Trial_Expired,0.0
10147,103,201,2026-01-15,2026-02-14,Trial_Expired,0.0
10147,104,204,2026-01-26,2026-02-25,Active,19.98
10148,104,203,2026-01-07,2026-02-06,Active,9.99
10148,103,202,2026-01-09,2026-02-08,Active,39.96
10148,105,202,2026-02-28,2026-03-30,Trial_Expired,0.0
10149,101,201,2026-02-28,2026-03-30,Trial_Expired,0.0
10149,102,203,2026-01-14,2026-02-13,Trial_Expired,0.0
10150,104,203,2026-02-12,2026-03-14,Active,29.97
10151,103,201,2026-01-25,2026-02-24,Trial_Expired,0.0
10152,101,202,2026-02-24,2026-03-26,Trial_Expired,0.0
10152,103,201,2026-01-30,2026-03-01,Active,9.99
10153,101,201,2026-01-29,2026-02-28,Trial_Expired,0.0
10154,102,203,2026-01-10,2026-02-09,Active,29.97
10155,104,202,2026-02-14,2026-03-16,Trial_Expired,0.0
10156,104,203,2026-02-17,2026-03-19,Active,19.98
10156,103,204,2026-03-14,2026-04-13,Active,9.99
10157,104,203,2026-02-12,2026-03-14,Trial_Expired,0.0
10158,105,204,2026-01-25,2026-02-24,Trial_Expired,0.0
10158,104,201,2026-02-28,2026-03-30,Trial_Expired,0.0
10159,104,202,2026-03-15,2026-04-14,Active,9.99
10159,102,204,2026-02-10,2026-03-12,Active,29.97
10160,104,204,2026-02-18,2026-03-20,Trial_Expired,0.0
10161,104,201,2026-02-19,2026-03-21,Trial_Expired,0.0
10161,101,203,2026-03-29,2026-04-28,Trial_Expired,0.0
10161,102,201,2026-01-13,2026-02-12,Active,29.97
10162,104,201,2026-02-25,2026-03-27,Active,39.96
10163,103,201,2026-03-20,2026-04-19,Trial_Expired,0.0
10163,105,204,2026-01-11,2026-02-10,Active,39.96
10164,104,204,2026-03-11,2026-04-10,Trial_Expired,0.0
10165,103,202,2026-02-09,2026-03-11,Trial_Expired,0.0
10165,102,204,2026-02-27,2026-03-29,Trial_Expired,0.0
10166,102,204,2026-01-06,2026-02-05,Trial_Expired,0.0
10166,105,203,2026-02-09,2026-03-11,Active,29.97
10167,102,203,2026-02-22,2026-03-24,Trial_Expired,0.0
10168,102,203,2026-02-14,2026-03-16,Trial_Expired,0.0
10168,105,202,2026-01-31,2026-03-02,Trial_Expired,0.0
10169,104,202,2026-03-23,2026-04-22,Trial_Expired,0.0
10169,101,203,2026-03-18,2026-04-17,Trial_Expired,0.0
10170,104,204,2026-01-17,2026-02-16,Active,19.98
10171,104,204,2026-01-30,2026-03-01,Active,9.99
10172,101,204,2026-02-06,2026-03-08,Active,39.96
10172,102,204,2026-03-09,2026-04-08,Active,9.99
10173,103,202,2026-03-31,2026-04-30,Active,19.98
10174,102,203,2026-02-21,2026-03-23,Trial_Expired,0.0
10174,101,203,2026-01-29,2026-02-28,Active,19.98
10174,103,203,2026-03-20,2026-04-19,Trial_Expired,0.0
10175,101,203,2026-01-29,2026-02-28,Trial_Expired,0.0
10175,103,203,2026-01-13,2026-02-12,Trial_Expired,0.0
10176,104,203,2026-03-19,2026-04-18,Active,29.97
10176,101,204,2026-03-08,2026-04-07,Trial_Expired,0.0
10177,104,203,2026-02-28,2026-03-30,Trial_Expired,0.0
10178,104,203,2026-02-07,2026-03-09,Active,9.99
10179,103,204,2026-03-21,2026-04-20,Trial_Expired,0.0
10180,103,202,2026-03-20,2026-04-19,Trial_Expired,0.0
10181,105,204,2026-03-01,2026-03-31,Trial_Expired,0.0
10181,102,202,2026-02-15,2026-03-17,Trial_Expired,0.0
10182,103,203,2026-02-17,2026-03-19,Trial_Expired,0.0
10183,104,201,2026-03-13,2026-04-12,Active,9.99
10183,103,202,2026-03-13,2026-04-12,Trial_Expired,0.0
10184,102,203,2026-02-10,2026-03-12,Active,19.98
10185,103,202,2026-02-01,2026-03-03,Active,19.98
10186,105,201,2026-01-02,2026-02-01,Trial_Expired,0.0
10187,104,202,2026-03-07,2026-04-06,Trial_Expired,0.0
10188,101,201,2026-02-13,2026-03-15,Active,29.97
10188,104,201,2026-03-08,2026-04-07,Trial_Expired,0.0
10189,105,203,2026-03-03,2026-04-02,Trial_Expired,0.0
10189,103,204,2026-01-07,2026-02-06,Trial_Expired,0.0
10189,104,202,2026-01-04,2026-02-03,Trial_Expired,0.0
10190,104,204,2026-01-14,2026-02-13,Active,19.98
10191,102,204,2026-01-19,2026-02-18,Trial_Expired,0.0
10192,102,202,2026-02-01,2026-03-03,Trial_Expired,0.0
10192,104,202,2026-03-11,2026-04-10,Trial_Expired,0.0
10193,105,201,2026-03-15,2026-04-14,Trial_Expired,0.0
10194,104,201,2026-03-26,2026-04-25,Trial_Expired,0.0
10195,101,203,2026-03-01,2026-03-31,Active,9.99
10195,103,204,2026-02-05,2026-03-07,Active,19.98
10196,103,202,2026-02-11,2026-03-13,Trial_Expired,0.0
10196,101,202,2026-01-12,2026-02-11,Trial_Expired,0.0
10197,105,202,2026-03-28,2026-04-27,Trial_Expired,0.0
10197,104,201,2026-03-19,2026-04-18,Trial_Expired,0.0
10198,104,202,2026-03-01,2026-03-31,Trial_Expired,0.0
10198,103,203,2026-03-30,2026-04-29,Trial_Expired,0.0
10199,105,201,2026-03-07,2026-04-06,Trial_Expired,0.0
10200,102,203,2026-02-16,2026-03-18,Active,19.98
10201,104,204,2026-01-01,2026-01-31,Trial_Expired,0.0
10202,104,203,2026-01-28,2026-02-27,Active,9.99
10202,103,201,2026-03-17,2026-04-16,Trial_Expired,0.0
10203,101,202,2026-03-02,2026-04-01,Active,19.98
10203,102,204,2026-03-14,2026-04-13,Trial_Expired,0.0
10204,105,203,2026-02-28,2026-03-30,Active,9.99
10205,103,202,2026-03-29,2026-04-28,Trial_Expired,0.0
10206,105,202,2026-02-25,2026-03-27,Trial_Expired,0.0
10206,103,204,2026-01-23,2026-02-22,Trial_Expired,0.0
10206,104,204,2026-01-23,2026-02-22,Active,9.99
10207,101,201,2026-03-26,2026-04-25,Active,39.96
10207,105,203,2026-01-05,2026-02-04,Trial_Expired,0.0
10208,101,204,2026-03-23,2026-04-22,Trial_Expired,0.0
10208,104,204,2026-02-16,2026-03-18,Trial_Expired,0.0
10209,104,202,2026-01-19,2026-02-18,Trial_Expired,0.0
10210,104,202,2026-03-07,2026-04-06,Trial_Expired,0.0
10211,103,201,2026-01-13,2026-02-12,Trial_Expired,0.0
10212,105,202,2026-01-04,2026-02-03,Trial_Expired,0.0
10213,102,202,2026-03-16,2026-04-15,Trial_Expired,0.0
10213,104,201,2026-02-23,2026-03-25,Trial_Expired,0.0
10213,103,202,2026-01-15,2026-02-14,Trial_Expired,0.0
10214,102,203,2026-02-02,2026-03-04,Active,9.99
10215,101,202,2026-03-19,2026-04-18,Trial_Expired,0.0
10216,101,201,2026-01-28,2026-02-27,Active,19.98
10217,105,203,2026-02-13,2026-03-15,Trial_Expired,0.0
10218,105,204,2026-01-21,2026-02-20,Active,29.97
10218,101,201,2026-02-16,2026-03-18,Active,29.97
10219,102,201,2026-03-27,2026-04-26,Active,19.98
10219,104,202,2026-03-09,2026-04-08,Active,39.96
10220,101,201,2026-01-30,2026-03-01,Trial_Expired,0.0
10221,103,202,2026-01-07,2026-02-06,Trial_Expired,0.0
10221,104,203,2026-02-08,2026-03-10,Trial_Expired,0.0
10221,105,201,2026-03-04,2026-04-03,Active,19.98
10222,103,204,2026-02-23,2026-03-25,Trial_Expired,0.0
10223,104,201,2026-01-21,2026-02-20,Trial_Expired,0.0
10224,103,204,2026-02-11,2026-03-13,Trial_Expired,0.0
10224,101,204,2026-02-18,2026-03-20,Active,9.99
10225,101,202,2026-03-30,2026-04-29,Active,39.96
10226,105,202,2026-02-02,2026-03-04,Active,9.99
10227,101,201,2026-01-11,2026-02-10,Active,19.98
10228,104,202,2026-03-26,2026-04-25,Trial_Expired,0.0
10229,102,204,2026-01-24,2026-02-23,Active,29.97
10230,105,204,2026-02-05,2026-03-07,Active,9.99
10230,101,201,2026-01-03,2026-02-02,Trial_Expired,0.0
10231,102,204,2026-03-01,2026-03-31,Active,9.99
10232,101,204,2026-02-19,2026-03-21,Trial_Expired,0.0
10233,101,202,2026-03-28,2026-04-27,Trial_Expired,0.0
10234,101,202,2026-01-08,2026-02-07,Trial_Expired,0.0
10235,102,202,2026-02-24,2026-03-26,Trial_Expired,0.0
10235,104,204,2026-01-30,2026-03-01,Trial_Expired,0.0
10235,103,204,2026-01-12,2026-02-11,Active,39.96
10236,101,204,2026-01-05,2026-02-04,Trial_Expired,0.0
10236,102,201,2026-03-06,2026-04-05,Trial_Expired,0.0
10237,101,204,2026-02-02,2026-03-04,Trial_Expired,0.0
10238,104,201,2026-01-23,2026-02-22,Active,19.98
10238,103,201,2026-03-26,2026-04-25,Active,9.99
10239,105,203,2026-01-26,2026-02-25,Trial_Expired,0.0
10240,101,202,2026-01-12,2026-02-11,Trial_Expired,0.0
10241,101,203,2026-01-30,2026-03-01,Trial_Expired,0.0
10242,105,202,2026-01-21,2026-02-20,Active,29.97
10242,103,202,2026-02-04,2026-03-06,Active,39.96
10243,104,202,2026-02-23,2026-03-25,Active,29.97
10243,103,202,2026-03-06,2026-04-05,Trial_Expired,0.0
10244,102,202,2026-01-06,2026-02-05,Active,9.99
10244,101,204,2026-01-08,2026-02-07,Trial_Expired,0.0
10245,102,201,2026-03-19,2026-04-18,Trial_Expired,0.0
10246,101,203,2026-03-01,2026-03-31,Trial_Expired,0.0
10247,105,202,2026-01-02,2026-02-01,Trial_Expired,0.0
10248,102,202,2026-01-21,2026-02-20,Active,19.98
10249,105,204,2026-01-17,2026-02-16,Active,39.96
10250,103,203,2026-02-19,2026-03-21,Active,39.96
10251,102,201,2026-03-27,2026-04-26,Trial_Expired,0.0
10252,101,202,2026-03-03,2026-04-02,Trial_Expired,0.0
10253,101,201,2026-02-08,2026-03-10,Trial_Expired,0.0
10253,104,201,2026-03-26,2026-04-25,Trial_Expired,0.0
10254,103,201,2026-02-05,2026-03-07,Trial_Expired,0.0
10254,105,201,2026-03-01,2026-03-31,Trial_Expired,0.0
10254,104,202,2026-02-21,2026-03-23,Active,9.99
10255,101,202,2026-02-21,2026-03-23,Trial_Expired,0.0
10256,103,201,2026-01-17,2026-02-16,Trial_Expired,0.0
10256,102,204,2026-01-01,2026-01-31,Trial_Expired,0.0
10257,101,204,2026-03-01,2026-03-31,Trial_Expired,0.0
10258,101,204,2026-03-13,2026-04-12,Active,9.99
10258,105,203,2026-03-28,2026-04-27,Trial_Expired,0.0
10259,102,203,2026-01-08,2026-02-07,Active,9.99
10260,101,201,2026-01-17,2026-02-16,Trial_Expired,0.0
10260,102,204,2026-02-27,2026-03-29,Trial_Expired,0.0
10261,101,201,2026-02-20,2026-03-22,Active,9.99
10262,101,204,2026-03-22,2026-04-21,Active,39.96
10262,104,203,2026-01-25,2026-02-24,Trial_Expired,0.0
10263,105,202,2026-03-19,2026-04-18,Active,9.99
10264,103,202,2026-01-12,2026-02-11,Trial_Expired,0.0
10265,101,202,2026-02-01,2026-03-03,Trial_Expired,0.0
10265,102,204,2026-01-11,2026-02-10,Active,9.99
10266,104,202,2026-03-30,2026-04-29,Active,39.96
10267,101,202,2026-01-21,2026-02-20,Active,39.96
10267,102,201,2026-02-08,2026-03-10,Trial_Expired,0.0
10267,103,202,2026-02-16,2026-03-18,Active,9.99
10268,101,201,2026-03-27,2026-04-26,Trial_Expired,0.0
10269,104,204,2026-01-29,2026-02-28,Trial_Expired,0.0
10269,103,203,2026-01-27,2026-02-26,Trial_Expired,0.0
10269,102,201,2026-01-23,2026-02-22,Trial_Expired,0.0
10270,103,203,2026-01-03,2026-02-02,Active,29.97
10271,105,204,2026-01-08,2026-02-07,Trial_Expired,0.0
10271,102,203,2026-03-13,2026-04-12,Active,9.99
10272,101,204,2026-03-30,2026-04-29,Trial_Expired,0.0
10272,105,203,2026-02-15,2026-03-17,Trial_Expired,0.0
10272,102,201,2026-03-07,2026-04-06,Trial_Expired,0.0
10273,101,202,2026-02-27,2026-03-29,Active,9.99
10274,103,203,2026-03-16,2026-04-15,Trial_Expired,0.0
10275,104,204,2026-01-04,2026-02-03,Trial_Expired,0.0
10276,103,201,2026-02-23,2026-03-25,Trial_Expired,0.0
10277,102,203,2026-01-20,2026-02-19,Trial_Expired,0.0
10278,105,204,2026-02-27,2026-03-29,Trial_Expired,0.0
10279,103,201,2026-01-31,2026-03-02,Active,29.97
10280,105,201,2026-01-30,2026-03-01,Trial_Expired,0.0
10280,104,203,2026-01-31,2026-03-02,Trial_Expired,0.0
10281,105,204,2026-02-24,2026-03-26,Active,29.97
10282,102,201,2026-02-26,2026-03-28,Trial_Expired,0.0
10283,102,202,2026-01-15,2026-02-14,Trial_Expired,0.0
10284,104,203,2026-03-02,2026-04-01,Trial_Expired,0.0
10284,103,202,2026-03-18,2026-04-17,Trial_Expired,0.0
10285,104,202,2026-02-20,2026-03-22,Trial_Expired,0.0
10285,103,203,2026-02-04,2026-03-06,Trial_Expired,0.0
10286,102,204,2026-03-15,2026-04-14,Trial_Expired,0.0
10287,105,201,2026-02-04,2026-03-06,Trial_Expired,0.0
10288,105,204,2026-03-01,2026-03-31,Trial_Expired,0.0
10289,105,203,2026-01-30,2026-03-01,Active,29.97
10289,103,204,2026-02-24,2026-03-26,Trial_Expired,0.0
10290,103,204,2026-02-13,2026-03-15,Active,39.96
10290,105,203,2026-03-25,2026-04-24,Trial_Expired,0.0
10290,104,201,2026-02-26,2026-03-28,Active,19.98
10291,101,203,2026-03-29,2026-04-28,Trial_Expired,0.0
10291,105,204,2026-01-21,2026-02-20,Active,39.96
10292,103,202,2026-03-23,2026-04-22,Active,29.97
10293,102,201,2026-03-26,2026-04-25,Trial_Expired,0.0
10294,103,201,2026-03-12,2026-04-11,Trial_Expired,0.0
10295,104,203,2026-02-27,2026-03-29,Trial_Expired,0.0
10296,105,202,2026-03-11,2026-04-10,Trial_Expired,0.0
10296,103,204,2026-03-26,2026-04-25,Active,19.98
10297,104,204,2026-02-08,2026-03-10,Trial_Expired,0.0
10298,105,201,2026-03-05,2026-04-04,Trial_Expired,0.0
10298,101,204,2026-03-05,2026-04-04,Active,9.99
10299,103,204,2026-03-26,2026-04-25,Trial_Expired,0.0
10300,105,201,2026-02-27,2026-03-29,Trial_Expired,0.0
10300,102,204,2026-03-04,2026-04-03,Trial_Expired,0.0
10301,105,203,2026-01-06,2026-02-05,Trial_Expired,0.0
10302,105,202,2026-02-20,2026-03-22,Active,39.96
10302,101,201,2026-01-08,2026-02-07,Active,39.96
10303,102,204,2026-02-16,2026-03-18,Active,19.98
10304,101,201,2026-01-02,2026-02-01,Active,29.97
10305,104,201,2026-01-01,2026-01-31,Active,39.96
10305,101,203,2026-02-01,2026-03-03,Trial_Expired,0.0
10305,105,202,2026-01-04,2026-02-03,Trial_Expired,0.0
10306,105,201,2026-01-16,2026-02-15,Trial_Expired,0.0
10307,103,202,2026-01-04,2026-02-03,Trial_Expired,0.0
10307,104,201,2026-02-28,2026-03-30,Active,29.97
10307,101,201,2026-01-25,2026-02-24,Active,39.96
10308,103,204,2026-03-02,2026-04-01,Active,9.99
10308,101,204,2026-02-19,2026-03-21,Active,39.96
10309,105,203,2026-03-29,2026-04-28,Trial_Expired,0.0
10309,104,204,2026-03-17,2026-04-16,Active,19.98
10309,101,202,2026-01-21,2026-02-20,Active,19.98
10310,105,202,2026-02-20,2026-03-22,Trial_Expired,0.0
10310,101,204,2026-03-16,2026-04-15,Trial_Expired,0.0
10311,104,204,2026-01-15,2026-02-14,Active,9.99
10312,101,202,2026-01-28,2026-02-27,Trial_Expired,0.0
10312,104,201,2026-03-14,2026-04-13,Trial_Expired,0.0
10313,105,201,2026-02-16,2026-03-18,Active,29.97
10313,101,204,2026-02-26,2026-03-28,Active,19.98
10314,102,203,2026-03-18,2026-04-17,Trial_Expired,0.0
10314,105,203,2026-01-06,2026-02-05,Trial_Expired,0.0
10314,103,202,2026-02-28,2026-03-30,Active,39.96
10315,103,202,2026-01-19,2026-02-18,Trial_Expired,0.0
10316,104,203,2026-03-28,2026-04-27,Active,9.99
10317,104,202,2026-01-28,2026-02-27,Active,29.97
10317,101,204,2026-03-04,2026-04-03,Trial_Expired,0.0
10317,105,202,2026-01-19,2026-02-18,Trial_Expired,0.0
10318,103,204,2026-01-09,2026-02-08,Active,39.96
10319,102,201,2026-02-28,2026-03-30,Trial_Expired,0.0
10320,103,203,2026-03-27,2026-04-26,Trial_Expired,0.0
10321,103,203,2026-01-30,2026-03-01,Trial_Expired,0.0
10321,104,201,2026-03-05,2026-04-04,Trial_Expired,0.0
10322,102,201,2026-02-13,2026-03-15,Active,9.99
10323,105,204,2026-03-29,2026-04-28,Trial_Expired,0.0
10323,102,204,2026-02-14,2026-03-16,Trial_Expired,0.0
10323,101,202,2026-03-17,2026-04-16,Trial_Expired,0.0
10324,105,203,2026-01-22,2026-02-21,Trial_Expired,0.0
10324,104,201,2026-02-07,2026-03-09,Trial_Expired,0.0
10325,101,204,2026-02-14,2026-03-16,Trial_Expired,0.0
10325,103,203,2026-03-07,2026-04-06,Active,29.97
10326,104,203,2026-01-12,2026-02-11,Trial_Expired,0.0
10326,103,201,2026-01-08,2026-02-07,Active,19.98
10326,105,203,2026-02-26,2026-03-28,Active,9.99
10327,105,201,2026-02-25,2026-03-27,Trial_Expired,0.0
10328,105,201,2026-03-31,2026-04-30,Trial_Expired,0.0
10329,101,201,2026-01-09,2026-02-08,Trial_Expired,0.0
10330,102,201,2026-02-24,2026-03-26,Trial_Expired,0.0
10330,101,203,2026-03-05,2026-04-04,Trial_Expired,0.0
10331,104,201,2026-03-13,2026-04-12,Trial_Expired,0.0
10332,102,202,2026-03-31,2026-04-30,Trial_Expired,0.0
10333,104,201,2026-01-30,2026-03-01,Active,29.97
10333,105,202,2026-02-16,2026-03-18,Trial_Expired,0.0
10334,104,204,2026-01-19,2026-02-18,Trial_Expired,0.0
10335,103,202,2026-01-15,2026-02-14,Trial_Expired,0.0
10335,105,202,2026-03-04,2026-04-03,Trial_Expired,0.0
10336,104,201,2026-03-23,2026-04-22,Active,9.99
10337,105,203,2026-01-02,2026-02-01,Trial_Expired,0.0
10338,103,203,2026-01-12,2026-02-11,Active,9.99
10339,103,203,2026-02-18,2026-03-20,Active,9.99
10340,103,201,2026-01-18,2026-02-17,Trial_Expired,0.0
10340,105,202,2026-03-14,2026-04-13,Active,19.98
10341,105,201,2026-01-28,2026-02-27,Trial_Expired,0.0
10342,105,201,2026-02-26,2026-03-28,Active,39.96
10343,105,201,2026-03-09,2026-04-08,Active,9.99
10344,104,203,2026-01-18,2026-02-17,Trial_Expired,0.0
10344,105,204,2026-01-11,2026-02-10,Active,19.98
10344,102,204,2026-03-10,2026-04-09,Trial_Expired,0.0
10345,105,201,2026-01-04,2026-02-03,Active,19.98
10346,102,202,2026-01-04,2026-02-03,Active,19.98
10347,101,203,2026-01-06,2026-02-05,Trial_Expired,0.0
10347,104,201,2026-01-30,2026-03-01,Active,19.98
10347,105,201,2026-02-06,2026-03-08,Trial_Expired,0.0
10348,105,202,2026-01-29,2026-02-28,Active,29.97
10349,101,201,2026-03-10,2026-04-09,Active,9.99
10350,102,201,2026-01-03,2026-02-02,Active,39.96
10351,103,203,2026-01-21,2026-02-20,Trial_Expired,0.0
10352,105,203,2026-01-13,2026-02-12,Trial_Expired,0.0
10353,104,201,2026-03-23,2026-04-22,Trial_Expired,0.0
10354,102,201,2026-01-08,2026-02-07,Active,9.99
10354,104,203,2026-02-05,2026-03-07,Trial_Expired,0.0
10355,101,202,2026-02-14,2026-03-16,Trial_Expired,0.0
10355,104,203,2026-01-21,2026-02-20,Trial_Expired,0.0
10355,103,204,2026-01-05,2026-02-04,Trial_Expired,0.0
10356,103,204,2026-01-19,2026-02-18,Trial_Expired,0.0
10357,103,203,2026-02-02,2026-03-04,Trial_Expired,0.0
10358,102,202,2026-03-22,2026-04-21,Trial_Expired,0.0
10359,102,203,2026-01-04,2026-02-03,Trial_Expired,0.0
10360,102,204,2026-03-22,2026-04-21,Trial_Expired,0.0
10361,102,203,2026-02-16,2026-03-18,Trial_Expired,0.0
10362,103,202,2026-03-27,2026-04-26,Trial_Expired,0.0
10362,101,201,2026-01-10,2026-02-09,Active,19.98
10363,104,203,2026-01-30,2026-03-01,Trial_Expired,0.0
10364,103,201,2026-03-12,2026-04-11,Active,29.97
10364,101,201,2026-02-05,2026-03-07,Trial_Expired,0.0
10364,105,204,2026-01-15,2026-02-14,Active,39.96
10365,104,204,2026-02-04,2026-03-06,Trial_Expired,0.0
10365,102,202,2026-01-23,2026-02-22,Trial_Expired,0.0
10366,101,202,2026-03-16,2026-04-15,Active,29.97
10367,103,204,2026-03-02,2026-04-01,Active,19.98
10367,101,202,2026-03-07,2026-04-06,Active,29.97
10368,101,203,2026-01-13,2026-02-12,Trial_Expired,0.0
10368,103,203,2026-02-03,2026-03-05,Active,39.96
10369,104,201,2026-02-22,2026-03-24,Trial_Expired,0.0
10369,105,201,2026-01-30,2026-03-01,Trial_Expired,0.0
10369,101,201,2026-01-19,2026-02-18,Trial_Expired,0.0
10370,105,204,2026-03-03,2026-04-02,Trial_Expired,0.0
10370,102,204,2026-03-13,2026-04-12,Trial_Expired,0.0
10371,101,202,2026-02-22,2026-03-24,Trial_Expired,0.0
10371,103,201,2026-01-30,2026-03-01,Trial_Expired,0.0
10372,105,204,2026-03-19,2026-04-18,Trial_Expired,0.0
10372,101,203,2026-03-16,2026-04-15,Active,9.99
10372,103,201,2026-02-26,2026-03-28,Active,19.98
10373,105,201,2026-02-10,2026-03-12,Active,39.96
10374,102,202,2026-01-19,2026-02-18,Trial_Expired,0.0
10375,105,202,2026-01-13,2026-02-12,Trial_Expired,0.0
10376,102,201,2026-02-27,2026-03-29,Active,9.99
10377,105,203,2026-02-16,2026-03-18,Active,9.99
10377,102,204,2026-01-13,2026-02-12,Active,39.96
10377,103,203,2026-01-11,2026-02-10,Trial_Expired,0.0
10378,102,201,2026-01-12,2026-02-11,Trial_Expired,0.0
10378,104,204,2026-02-17,2026-03-19,Trial_Expired,0.0
10378,103,204,2026-02-10,2026-03-12,Trial_Expired,0.0
10379,105,202,2026-03-12,2026-04-11,Trial_Expired,0.0
10380,101,203,2026-01-09,2026-02-08,Trial_Expired,0.0
10381,102,204,2026-02-14,2026-03-16,Active,9.99
10381,103,202,2026-01-08,2026-02-07,Trial_Expired,0.0
10382,103,201,2026-02-23,2026-03-25,Active,39.96
10382,102,202,2026-01-13,2026-02-12,Active,19.98
10383,105,204,2026-02-15,2026-03-17,Active,19.98
10384,105,203,2026-02-04,2026-03-06,Trial_Expired,0.0
10384,103,204,2026-01-17,2026-02-16,Trial_Expired,0.0
10385,104,204,2026-03-31,2026-04-30,Trial_Expired,0.0
10386,105,202,2026-01-27,2026-02-26,Trial_Expired,0.0
10387,103,201,2026-01-07,2026-02-06,Active,9.99
10387,104,203,2026-02-02,2026-03-04,Trial_Expired,0.0
10388,102,203,2026-03-18,2026-04-17,Trial_Expired,0.0
10389,102,202,2026-03-30,2026-04-29,Active,9.99
10389,105,201,2026-02-28,2026-03-30,Active,29.97
10390,104,204,2026-03-28,2026-04-27,Trial_Expired,0.0
10391,104,203,2026-03-25,2026-04-24,Trial_Expired,0.0
10391,102,201,2026-02-01,2026-03-03,Active,9.99
10391,105,203,2026-02-28,2026-03-30,Trial_Expired,0.0
10392,103,201,2026-02-14,2026-03-16,Active,9.99
10393,101,203,2026-03-16,2026-04-15,Active,9.99
10394,102,202,2026-02-15,2026-03-17,Active,9.99
10394,105,201,2026-01-05,2026-02-04,Trial_Expired,0.0
10394,103,202,2026-03-16,2026-04-15,Active,9.99
10395,104,202,2026-01-21,2026-02-20,Trial_Expired,0.0
10396,101,203,2026-01-13,2026-02-12,Trial_Expired,0.0
10397,102,201,2026-02-02,2026-03-04,Active,29.97
10398,103,204,2026-01-16,2026-02-15,Trial_Expired,0.0
10399,105,202,2026-03-17,2026-04-16,Active,9.99
10399,101,202,2026-01-19,2026-02-18,Active,19.98
10399,104,204,2026-03-23,2026-04-22,Trial_Expired,0.0
10400,104,201,2026-01-17,2026-02-16,Trial_Expired,0.0
10400,102,203,2026-03-21,2026-04-20,Trial_Expired,0.0
10401,101,201,2026-03-06,2026-04-05,Trial_Expired,0.0
10402,103,204,2026-02-13,2026-03-15,Active,19.98
10403,105,204,2026-03-26,2026-04-25,Active,39.96
10404,104,201,2026-03-08,2026-04-07,Trial_Expired,0.0
10404,105,202,2026-01-10,2026-02-09,Trial_Expired,0.0
10405,104,203,2026-02-01,2026-03-03,Trial_Expired,0.0
10406,103,203,2026-02-04,2026-03-06,Active,29.97
10407,103,202,2026-03-25,2026-04-24,Trial_Expired,0.0
10408,104,203,2026-01-20,2026-02-19,Active,19.98
10408,103,201,2026-03-16,2026-04-15,Trial_Expired,0.0
10409,105,201,2026-02-10,2026-03-12,Trial_Expired,0.0
10410,104,201,2026-01-26,2026-02-25,Trial_Expired,0.0
10410,102,203,2026-03-01,2026-03-31,Trial_Expired,0.0
10411,104,203,2026-01-23,2026-02-22,Trial_Expired,0.0
10411,103,204,2026-01-08,2026-02-07,Active,29.97
10411,102,203,2026-02-15,2026-03-17,Active,9.99
10412,102,203,2026-01-24,2026-02-23,Trial_Expired,0.0
10413,104,201,2026-03-08,2026-04-07,Trial_Expired,0.0
10414,102,201,2026-02-22,2026-03-24,Trial_Expired,0.0
10415,103,203,2026-02-26,2026-03-28,Trial_Expired,0.0
10416,104,204,2026-02-20,2026-03-22,Active,39.96
10417,102,202,2026-03-10,2026-04-09,Trial_Expired,0.0
10418,102,203,2026-03-19,2026-04-18,Active,39.96
10419,105,201,2026-02-23,2026-03-25,Trial_Expired,0.0
10419,101,202,2026-01-16,2026-02-15,Active,29.97
10419,102,203,2026-03-15,2026-04-14,Active,19.98
10420,105,204,2026-01-17,2026-02-16,Trial_Expired,0.0
10421,105,203,2026-03-06,2026-04-05,Trial_Expired,0.0
10421,102,203,2026-02-05,2026-03-07,Trial_Expired,0.0
10422,104,202,2026-01-23,2026-02-22,Active,9.99
10422,105,201,2026-02-26,2026-03-28,Active,29.97
10423,101,203,2026-02-21,2026-03-23,Active,9.99
10424,102,204,2026-03-08,2026-04-07,Trial_Expired,0.0
10424,104,204,2026-02-01,2026-03-03,Trial_Expired,0.0
10425,101,202,2026-03-19,2026-04-18,Trial_Expired,0.0
10426,102,201,2026-03-24,2026-04-23,Trial_Expired,0.0
10426,101,201,2026-02-18,2026-03-20,Trial_Expired,0.0
10427,101,202,2026-01-13,2026-02-12,Trial_Expired,0.0
10428,102,203,2026-03-15,2026-04-14,Trial_Expired,0.0
10429,103,203,2026-02-26,2026-03-28,Trial_Expired,0.0
10430,104,204,2026-02-20,2026-03-22,Active,39.96
10431,103,201,2026-03-16,2026-04-15,Active,39.96
10432,103,202,2026-02-28,2026-03-30,Trial_Expired,0.0
10432,104,203,2026-01-19,2026-02-18,Trial_Expired,0.0
10432,102,204,2026-03-07,2026-04-06,Active,29.97
10433,105,204,2026-03-28,2026-04-27,Active,29.97
10433,101,204,2026-02-23,2026-03-25,Trial_Expired,0.0
10433,103,202,2026-01-29,2026-02-28,Active,29.97
10434,103,201,2026-01-17,2026-02-16,Active,19.98
10434,104,201,2026-01-28,2026-02-27,Trial_Expired,0.0
10434,101,201,2026-03-23,2026-04-22,Trial_Expired,0.0
10435,102,203,2026-01-03,2026-02-02,Active,9.99
10436,101,203,2026-01-22,2026-02-21,Active,29.97
10437,105,204,2026-01-20,2026-02-19,Trial_Expired,0.0
10438,103,203,2026-01-22,2026-02-21,Trial_Expired,0.0
10439,103,202,2026-02-28,2026-03-30,Active,39.96
10440,104,203,2026-01-10,2026-02-09,Trial_Expired,0.0
10440,105,201,2026-01-22,2026-02-21,Trial_Expired,0.0
10441,103,201,2026-01-28,2026-02-27,Trial_Expired,0.0
10442,102,201,2026-01-10,2026-02-09,Trial_Expired,0.0
10443,103,203,2026-02-23,2026-03-25,Active,39.96
10443,105,204,2026-03-26,2026-04-25,Trial_Expired,0.0
10444,102,204,2026-01-27,2026-02-26,Active,39.96
10444,105,201,2026-01-17,2026-02-16,Trial_Expired,0.0
10445,102,203,2026-01-23,2026-02-22,Active,39.96
10446,103,203,2026-02-12,2026-03-14,Active,39.96
10447,105,202,2026-03-16,2026-04-15,Trial_Expired,0.0
10448,103,203,2026-01-19,2026-02-18,Trial_Expired,0.0
10448,101,203,2026-03-18,2026-04-17,Trial_Expired,0.0
10448,104,203,2026-03-15,2026-04-14,Trial_Expired,0.0
10449,105,201,2026-03-14,2026-04-13,Active,29.97
10449,101,201,2026-02-08,2026-03-10,Active,39.96
10450,104,203,2026-01-02,2026-02-01,Trial_Expired,0.0
10450,105,204,2026-03-01,2026-03-31,Trial_Expired,0.0
10451,102,202,2026-01-18,2026-02-17,Trial_Expired,0.0
10452,103,201,2026-03-27,2026-04-26,Trial_Expired,0.0
10452,105,203,2026-02-23,2026-03-25,Active,39.96
10453,101,201,2026-01-01,2026-01-31,Trial_Expired,0.0
10454,104,203,2026-01-21,2026-02-20,Trial_Expired,0.0
10455,101,204,2026-03-10,2026-04-09,Active,39.96
10455,102,203,2026-01-27,2026-02-26,Trial_Expired,0.0
10456,101,203,2026-03-29,2026-04-28,Trial_Expired,0.0
10457,101,203,2026-02-18,2026-03-20,Trial_Expired,0.0
10458,102,203,2026-01-06,2026-02-05,Trial_Expired,0.0
10459,103,203,2026-03-28,2026-04-27,Trial_Expired,0.0
10460,104,203,2026-01-29,2026-02-28,Trial_Expired,0.0
10461,102,201,2026-01-17,2026-02-16,Trial_Expired,0.0
10462,101,203,2026-02-02,2026-03-04,Active,19.98
10462,103,202,2026-02-01,2026-03-03,Trial_Expired,0.0
10463,105,203,2026-01-28,2026-02-27,Active,29.97
10464,101,203,2026-01-28,2026-02-27,Trial_Expired,0.0
10465,104,203,2026-03-08,2026-04-07,Trial_Expired,0.0
10466,103,202,2026-01-13,2026-02-12,Trial_Expired,0.0
10466,101,204,2026-02-17,2026-03-19,Trial_Expired,0.0
10467,104,203,2026-03-29,2026-04-28,Trial_Expired,0.0
10467,102,201,2026-01-13,2026-02-12,Trial_Expired,0.0
10468,105,203,2026-03-06,2026-04-05,Active,9.99
10468,104,203,2026-01-25,2026-02-24,Trial_Expired,0.0
10469,101,201,2026-01-16,2026-02-15,Active,39.96
10470,103,203,2026-03-21,2026-04-20,Active,39.96
10471,101,203,2026-02-10,2026-03-12,Trial_Expired,0.0
10472,103,202,2026-02-17,2026-03-19,Active,39.96
10473,105,202,2026-02-26,2026-03-28,Trial_Expired,0.0
10474,101,202,2026-03-05,2026-04-04,Trial_Expired,0.0
10475,101,203,2026-03-05,2026-04-04,Trial_Expired,0.0
10476,101,204,2026-01-30,2026-03-01,Active,19.98
10477,105,204,2026-03-20,2026-04-19,Active,39.96
10478,103,204,2026-02-08,2026-03-10,Trial_Expired,0.0
10479,102,203,2026-03-12,2026-04-11,Trial_Expired,0.0
10480,103,201,2026-03-28,2026-04-27,Trial_Expired,0.0
10480,104,202,2026-03-05,2026-04-04,Trial_Expired,0.0
10481,103,204,2026-01-13,2026-02-12,Trial_Expired,0.0
10482,102,204,2026-01-02,2026-02-01,Trial_Expired,0.0
10483,104,202,2026-01-02,2026-02-01,Active,29.97
10483,102,204,2026-01-23,2026-02-22,Trial_Expired,0.0
10484,105,201,2026-03-08,2026-04-07,Trial_Expired,0.0
10485,105,203,2026-01-13,2026-02-12,Trial_Expired,0.0
10486,101,204,2026-01-23,2026-02-22,Trial_Expired,0.0
10487,103,202,2026-01-08,2026-02-07,Active,29.97
10488,102,202,2026-01-05,2026-02-04,Trial_Expired,0.0
10489,103,201,2026-01-29,2026-02-28,Trial_Expired,0.0
10489,105,203,2026-01-18,2026-02-17,Trial_Expired,0.0
10490,101,203,2026-01-27,2026-02-26,Trial_Expired,0.0
10490,103,204,2026-03-02,2026-04-01,Trial_Expired,0.0
10491,102,201,2026-01-15,2026-02-14,Active,9.99
10491,104,201,2026-02-04,2026-03-06,Active,29.97
10492,101,202,2026-02-17,2026-03-19,Active,19.98
10492,104,202,2026-01-31,2026-03-02,Trial_Expired,0.0
10493,102,204,2026-02-27,2026-03-29,Trial_Expired,0.0
10493,101,202,2026-03-10,2026-04-09,Trial_Expired,0.0
10494,102,202,2026-01-19,2026-02-18,Trial_Expired,0.0
10495,102,202,2026-01-24,2026-02-23,Trial_Expired,0.0
10496,102,202,2026-02-20,2026-03-22,Trial_Expired,0.0
10497,103,201,2026-01-14,2026-02-13,Active,29.97
10497,105,202,2026-01-18,2026-02-17,Trial_Expired,0.0
10498,102,201,2026-02-10,2026-03-12,Trial_Expired,0.0
10499,104,201,2026-03-05,2026-04-04,Trial_Expired,0.0
10499,101,202,2026-01-15,2026-02-14,Active,19.98
10500,104,201,2026-02-19,2026-03-21,Active,39.96
10501,101,204,2026-02-07,2026-03-09,Trial_Expired,0.0
10501,104,201,2026-03-31,2026-04-30,Trial_Expired,0.0
10502,105,204,2026-02-23,2026-03-25,Trial_Expired,0.0
10503,105,204,2026-03-31,2026-04-30,Active,39.96
10504,102,203,2026-02-25,2026-03-27,Active,9.99
10504,104,201,2026-03-29,2026-04-28,Trial_Expired,0.0
10505,103,203,2026-02-26,2026-03-28,Trial_Expired,0.0
10505,105,203,2026-01-20,2026-02-19,Active,9.99
10505,102,204,2026-01-12,2026-02-11,Trial_Expired,0.0
10506,104,202,2026-02-19,2026-03-21,Trial_Expired,0.0
10506,101,202,2026-02-03,2026-03-05,Trial_Expired,0.0
10507,105,202,2026-03-25,2026-04-24,Trial_Expired,0.0
10508,101,201,2026-01-11,2026-02-10,Active,39.96
10509,101,201,2026-02-18,2026-03-20,Trial_Expired,0.0
10510,101,204,2026-03-23,2026-04-22,Active,29.97
10511,105,201,2026-02-15,2026-03-17,Trial_Expired,0.0
10512,101,203,2026-02-13,2026-03-15,Active,19.98
10513,104,201,2026-02-22,2026-03-24,Trial_Expired,0.0
10514,103,203,2026-03-17,2026-04-16,Trial_Expired,0.0
10515,103,202,2026-01-20,2026-02-19,Active,9.99
10516,104,203,2026-03-01,2026-03-31,Trial_Expired,0.0
10517,105,201,2026-03-03,2026-04-02,Trial_Expired,0.0
10517,102,202,2026-03-22,2026-04-21,Trial_Expired,0.0
10518,105,204,2026-02-23,2026-03-25,Active,29.97
10519,101,203,2026-02-22,2026-03-24,Active,39.96
10520,101,204,2026-02-07,2026-03-09,Trial_Expired,0.0
10521,101,203,2026-02-28,2026-03-30,Active,29.97
10522,104,202,2026-02-10,2026-03-12,Active,9.99
10523,102,204,2026-02-11,2026-03-13,Trial_Expired,0.0
10524,104,202,2026-01-15,2026-02-14,Active,39.96
10525,104,203,2026-03-13,2026-04-12,Active,19.98
10526,102,202,2026-01-16,2026-02-15,Trial_Expired,0.0
10526,103,202,2026-03-23,2026-04-22,Trial_Expired,0.0
10526,104,201,2026-01-13,2026-02-12,Trial_Expired,0.0
10527,105,204,2026-01-21,2026-02-20,Active,9.99
10527,104,201,2026-03-24,2026-04-23,Trial_Expired,0.0
10528,102,204,2026-02-21,2026-03-23,Active,9.99
10529,102,204,2026-03-21,2026-04-20,Active,29.97
10529,105,204,2026-03-19,2026-04-18,Trial_Expired,0.0
10529,103,204,2026-03-13,2026-04-12,Trial_Expired,0.0
10530,104,201,2026-02-12,2026-03-14,Trial_Expired,0.0
10531,103,202,2026-01-23,2026-02-22,Trial_Expired,0.0
10532,104,203,2026-03-13,2026-04-12,Trial_Expired,0.0
10533,104,204,2026-03-04,2026-04-03,Active,29.97
10534,101,201,2026-03-07,2026-04-06,Trial_Expired,0.0
10535,103,204,2026-02-12,2026-03-14,Active,9.99
10535,101,201,2026-02-27,2026-03-29,Trial_Expired,0.0
10536,101,201,2026-02-25,2026-03-27,Trial_Expired,0.0
10537,105,203,2026-02-07,2026-03-09,Active,9.99
10538,101,203,2026-01-25,2026-02-24,Trial_Expired,0.0
10539,104,203,2026-03-05,2026-04-04,Active,29.97
10540,101,201,2026-01-15,2026-02-14,Trial_Expired,0.0
10541,104,203,2026-02-19,2026-03-21,Trial_Expired,0.0
10541,101,204,2026-01-04,2026-02-03,Active,29.97
10542,103,201,2026-01-21,2026-02-20,Trial_Expired,0.0
10543,104,202,2026-02-07,2026-03-09,Trial_Expired,0.0
10543,103,201,2026-02-21,2026-03-23,Trial_Expired,0.0
10544,103,202,2026-02-16,2026-03-18,Active,29.97
10545,101,202,2026-03-08,2026-04-07,Trial_Expired,0.0
10546,102,202,2026-03-02,2026-04-01,Trial_Expired,0.0
10547,102,202,2026-03-10,2026-04-09,Active,39.96
10548,105,201,2026-03-17,2026-04-16,Trial_Expired,0.0
10548,101,201,2026-03-13,2026-04-12,Active,9.99
10549,104,203,2026-02-27,2026-03-29,Trial_Expired,0.0
10549,103,201,2026-02-03,2026-03-05,Active,39.96
10550,102,202,2026-03-04,2026-04-03,Trial_Expired,0.0
10550,104,202,2026-01-21,2026-02-20,Trial_Expired,0.0
10551,103,201,2026-01-17,2026-02-16,Active,19.98
10552,103,202,2026-01-06,2026-02-05,Trial_Expired,0.0
10553,104,203,2026-01-27,2026-02-26,Trial_Expired,0.0
10554,105,201,2026-03-27,2026-04-26,Active,29.97
10555,101,202,2026-02-28,2026-03-30,Trial_Expired,0.0
10555,103,202,2026-01-04,2026-02-03,Trial_Expired,0.0
10556,102,204,2026-03-04,2026-04-03,Trial_Expired,0.0
10556,101,204,2026-02-04,2026-03-06,Active,29.97
10557,105,202,2026-01-17,2026-02-16,Trial_Expired,0.0
10558,105,203,2026-01-14,2026-02-13,Active,29.97
10559,101,201,2026-02-14,2026-03-16,Active,39.96
10560,104,201,2026-01-31,2026-03-02,Trial_Expired,0.0
10560,101,204,2026-03-07,2026-04-06,Trial_Expired,0.0
10561,103,202,2026-01-30,2026-03-01,Trial_Expired,0.0
10562,104,203,2026-02-12,2026-03-14,Trial_Expired,0.0
10563,104,202,2026-01-04,2026-02-03,Trial_Expired,0.0
10563,103,203,2026-02-01,2026-03-03,Trial_Expired,0.0
10564,104,203,2026-01-06,2026-02-05,Active,29.97
10565,104,201,2026-01-04,2026-02-03,Active,9.99
10566,105,203,2026-01-22,2026-02-21,Trial_Expired,0.0
10567,104,201,2026-03-17,2026-04-16,Trial_Expired,0.0
10568,102,203,2026-03-15,2026-04-14,Trial_Expired,0.0
10569,101,204,2026-01-25,2026-02-24,Active,9.99
10570,105,201,2026-02-27,2026-03-29,Active,29.97
10571,101,202,2026-03-16,2026-04-15,Active,9.99
10572,105,202,2026-01-02,2026-02-01,Trial_Expired,0.0
10572,103,204,2026-03-23,2026-04-22,Active,29.97
10572,102,203,2026-01-18,2026-02-17,Trial_Expired,0.0
10573,102,204,2026-02-17,2026-03-19,Trial_Expired,0.0
10574,104,204,2026-01-27,2026-02-26,Trial_Expired,0.0
10575,103,201,2026-02-12,2026-03-14,Trial_Expired,0.0
10575,102,204,2026-03-22,2026-04-21,Active,9.99
10575,101,204,2026-03-10,2026-04-09,Active,39.96
10576,103,201,2026-01-16,2026-02-15,Active,29.97
10577,102,202,2026-01-15,2026-02-14,Trial_Expired,0.0
10577,103,201,2026-02-21,2026-03-23,Active,19.98
10578,104,202,2026-01-25,2026-02-24,Active,39.96
10578,102,201,2026-01-22,2026-02-21,Active,19.98
10579,101,201,2026-01-13,2026-02-12,Active,19.98
10579,102,204,2026-01-22,2026-02-21,Active,29.97
10580,101,201,2026-03-20,2026-04-19,Trial_Expired,0.0
10581,103,201,2026-03-28,2026-04-27,Trial_Expired,0.0
10582,103,203,2026-02-11,2026-03-13,Trial_Expired,0.0
10583,105,201,2026-02-04,2026-03-06,Trial_Expired,0.0
10583,101,204,2026-01-31,2026-03-02,Active,9.99
10583,104,202,2026-03-07,2026-04-06,Trial_Expired,0.0
10584,103,203,2026-01-16,2026-02-15,Trial_Expired,0.0
10585,102,202,2026-03-26,2026-04-25,Trial_Expired,0.0
10585,105,201,2026-02-19,2026-03-21,Active,9.99
10585,101,201,2026-03-16,2026-04-15,Trial_Expired,0.0
10586,101,203,2026-01-24,2026-02-23,Trial_Expired,0.0
10586,104,203,2026-01-26,2026-02-25,Active,19.98
10587,101,202,2026-01-27,2026-02-26,Trial_Expired,0.0
10587,102,204,2026-02-18,2026-03-20,Trial_Expired,0.0
10587,105,202,2026-02-23,2026-03-25,Trial_Expired,0.0
10588,101,202,2026-03-18,2026-04-17,Trial_Expired,0.0
10589,103,203,2026-02-26,2026-03-28,Trial_Expired,0.0
10590,103,201,2026-03-07,2026-04-06,Trial_Expired,0.0
10591,103,202,2026-02-17,2026-03-19,Active,39.96
10592,103,202,2026-01-02,2026-02-01,Trial_Expired,0.0
10593,102,202,2026-01-24,2026-02-23,Trial_Expired,0.0
10594,101,204,2026-02-27,2026-03-29,Trial_Expired,0.0
10595,101,204,2026-03-21,2026-04-20,Trial_Expired,0.0
10595,103,204,2026-03-30,2026-04-29,Active,9.99
10596,102,201,2026-01-16,2026-02-15,Active,39.96
10596,104,202,2026-03-19,2026-04-18,Trial_Expired,0.0
10597,104,203,2026-03-02,2026-04-01,Active,39.96
10597,102,202,2026-02-13,2026-03-15,Trial_Expired,0.0
10598,105,203,2026-03-28,2026-04-27,Trial_Expired,0.0
10598,103,201,2026-03-19,2026-04-18,Active,9.99
10598,104,203,2026-01-31,2026-03-02,Active,39.96
10599,102,203,2026-03-14,2026-04-13,Trial_Expired,0.0
10600,103,201,2026-03-30,2026-04-29,Trial_Expired,0.0
10601,101,202,2026-03-29,2026-04-28,Trial_Expired,0.0
10602,105,203,2026-03-06,2026-04-05,Active,9.99
10602,101,201,2026-01-01,2026-01-31,Trial_Expired,0.0
10603,102,201,2026-01-03,2026-02-02,Trial_Expired,0.0
10603,101,204,2026-03-17,2026-04-16,Trial_Expired,0.0
10604,105,201,2026-02-14,2026-03-16,Trial_Expired,0.0
10604,101,204,2026-03-01,2026-03-31,Trial_Expired,0.0
10605,103,202,2026-03-24,2026-04-23,Active,39.96
10606,104,204,2026-03-18,2026-04-17,Trial_Expired,0.0
10607,102,202,2026-02-24,2026-03-26,Active,19.98
10607,101,202,2026-01-27,2026-02-26,Trial_Expired,0.0
10608,103,204,2026-03-06,2026-04-05,Trial_Expired,0.0
10609,104,202,2026-01-25,2026-02-24,Trial_Expired,0.0
10610,102,204,2026-02-15,2026-03-17,Trial_Expired,0.0
10611,104,204,2026-02-26,2026-03-28,Trial_Expired,0.0
10612,105,201,2026-01-11,2026-02-10,Trial_Expired,0.0
10613,105,202,2026-02-26,2026-03-28,Trial_Expired,0.0
10614,105,201,2026-02-04,2026-03-06,Trial_Expired,0.0
10615,102,202,2026-03-30,2026-04-29,Trial_Expired,0.0
10616,101,201,2026-02-07,2026-03-09,Trial_Expired,0.0
10616,103,202,2026-01-07,2026-02-06,Trial_Expired,0.0
10617,104,204,2026-02-19,2026-03-21,Trial_Expired,0.0
10618,105,202,2026-01-17,2026-02-16,Trial_Expired,0.0
10619,105,201,2026-03-14,2026-04-13,Active,39.96
10620,105,201,2026-01-27,2026-02-26,Trial_Expired,0.0
10621,102,201,2026-02-28,2026-03-30,Trial_Expired,0.0
10622,105,203,2026-01-04,2026-02-03,Active,19.98
10623,101,201,2026-02-22,2026-03-24,Active,9.99
10623,103,202,2026-02-27,2026-03-29,Trial_Expired,0.0
10624,103,201,2026-01-18,2026-02-17,Trial_Expired,0.0
10625,103,203,2026-01-12,2026-02-11,Trial_Expired,0.0
10626,102,201,2026-02-02,2026-03-04,Trial_Expired,0.0
10627,105,203,2026-02-23,2026-03-25,Active,29.97
10628,103,204,2026-02-28,2026-03-30,Active,29.97
10629,103,204,2026-03-29,2026-04-28,Trial_Expired,0.0
10630,105,204,2026-03-26,2026-04-25,Trial_Expired,0.0
10630,104,204,2026-01-14,2026-02-13,Active,39.96
10630,103,201,2026-02-20,2026-03-22,Trial_Expired,0.0
10631,104,202,2026-02-22,2026-03-24,Trial_Expired,0.0
10632,105,201,2026-01-03,2026-02-02,Active,39.96
10633,105,204,2026-01-19,2026-02-18,Trial_Expired,0.0
10634,102,204,2026-03-08,2026-04-07,Active,29.97
10634,101,201,2026-03-18,2026-04-17,Trial_Expired,0.0
10635,102,202,2026-01-15,2026-02-14,Trial_Expired,0.0
10636,103,204,2026-03-21,2026-04-20,Trial_Expired,0.0
10637,105,202,2026-03-01,2026-03-31,Active,39.96
10638,105,202,2026-03-10,2026-04-09,Trial_Expired,0.0
10639,105,203,2026-03-01,2026-03-31,Active,39.96
10639,101,203,2026-02-25,2026-03-27,Trial_Expired,0.0
10639,104,204,2026-01-09,2026-02-08,Trial_Expired,0.0
10640,103,202,2026-03-08,2026-04-07,Trial_Expired,0.0
10641,102,202,2026-01-20,2026-02-19,Active,29.97
10641,103,201,2026-03-07,2026-04-06,Trial_Expired,0.0
10642,105,203,2026-02-24,2026-03-26,Trial_Expired,0.0
10643,101,201,2026-02-14,2026-03-16,Active,9.99
10644,101,203,2026-03-01,2026-03-31,Trial_Expired,0.0
10645,103,202,2026-02-06,2026-03-08,Trial_Expired,0.0
10646,101,204,2026-02-23,2026-03-25,Active,39.96
10646,104,202,2026-02-04,2026-03-06,Trial_Expired,0.0
10647,104,203,2026-03-06,2026-04-05,Trial_Expired,0.0
10648,101,202,2026-01-30,2026-03-01,Trial_Expired,0.0
10648,102,201,2026-03-28,2026-04-27,Active,9.99
10649,104,203,2026-02-16,2026-03-18,Active,19.98
10650,105,201,2026-01-09,2026-02-08,Trial_Expired,0.0
10650,101,204,2026-01-31,2026-03-02,Active,39.96
10651,104,202,2026-01-17,2026-02-16,Trial_Expired,0.0
10652,103,202,2026-02-07,2026-03-09,Active,29.97
10653,102,201,2026-01-24,2026-02-23,Active,39.96
10654,104,202,2026-01-25,2026-02-24,Active,39.96
10655,103,201,2026-01-19,2026-02-18,Trial_Expired,0.0
10656,105,204,2026-01-19,2026-02-18,Active,39.96
10656,102,201,2026-02-24,2026-03-26,Trial_Expired,0.0
10657,101,202,2026-02-17,2026-03-19,Active,29.97
10658,105,201,2026-03-29,2026-04-28,Trial_Expired,0.0
10658,103,204,2026-01-15,2026-02-14,Trial_Expired,0.0
10659,103,201,2026-01-15,2026-02-14,Active,39.96
10659,104,202,2026-01-05,2026-02-04,Trial_Expired,0.0
10660,103,204,2026-03-15,2026-04-14,Active,9.99
10660,104,204,2026-03-08,2026-04-07,Active,19.98
10661,102,204,2026-02-11,2026-03-13,Trial_Expired,0.0
10661,101,202,2026-01-13,2026-02-12,Trial_Expired,0.0
10662,105,203,2026-02-25,2026-03-27,Trial_Expired,0.0
10662,102,201,2026-02-09,2026-03-11,Trial_Expired,0.0
10662,103,202,2026-01-23,2026-02-22,Trial_Expired,0.0
10663,105,201,2026-02-24,2026-03-26,Active,19.98
10663,104,204,2026-01-13,2026-02-12,Trial_Expired,0.0
10664,101,204,2026-03-16,2026-04-15,Trial_Expired,0.0
10665,101,204,2026-03-03,2026-04-02,Trial_Expired,0.0
10665,102,204,2026-03-09,2026-04-08,Trial_Expired,0.0
10666,105,201,2026-01-07,2026-02-06,Active,9.99
10666,104,204,2026-01-16,2026-02-15,Trial_Expired,0.0
10667,101,203,2026-01-17,2026-02-16,Active,9.99
10667,105,204,2026-01-27,2026-02-26,Trial_Expired,0.0
10668,104,204,2026-01-25,2026-02-24,Active,19.98
10669,101,202,2026-01-03,2026-02-02,Active,9.99
10670,101,204,2026-02-28,2026-03-30,Trial_Expired,0.0
10671,102,204,2026-01-01,2026-01-31,Trial_Expired,0.0
10672,102,203,2026-01-07,2026-02-06,Trial_Expired,0.0
10672,101,204,2026-03-21,2026-04-20,Trial_Expired,0.0
10673,104,201,2026-02-02,2026-03-04,Active,39.96
10674,104,202,2026-01-03,2026-02-02,Trial_Expired,0.0
10675,102,203,2026-01-17,2026-02-16,Active,39.96
10676,101,204,2026-01-27,2026-02-26,Trial_Expired,0.0
10676,105,202,2026-01-08,2026-02-07,Trial_Expired,0.0
10677,103,202,2026-01-13,2026-02-12,Trial_Expired,0.0
10677,104,201,2026-03-20,2026-04-19,Trial_Expired,0.0
10677,105,201,2026-03-23,2026-04-22,Trial_Expired,0.0
10678,104,202,2026-01-08,2026-02-07,Trial_Expired,0.0
10679,103,201,2026-03-25,2026-04-24,Trial_Expired,0.0
10680,101,202,2026-02-12,2026-03-14,Trial_Expired,0.0
10680,103,203,2026-01-02,2026-02-01,Trial_Expired,0.0
10681,102,204,2026-03-10,2026-04-09,Trial_Expired,0.0
10682,102,203,2026-02-11,2026-03-13,Active,9.99
10683,104,203,2026-01-18,2026-02-17,Trial_Expired,0.0
10683,105,201,2026-01-01,2026-01-31,Active,39.96
10683,101,204,2026-03-23,2026-04-22,Active,29.97
10684,104,204,2026-03-01,2026-03-31,Trial_Expired,0.0
10684,105,204,2026-02-03,2026-03-05,Active,19.98
10685,101,203,2026-03-18,2026-04-17,Trial_Expired,0.0
10686,104,202,2026-01-23,2026-02-22,Trial_Expired,0.0
10686,105,204,2026-02-27,2026-03-29,Active,29.97
10687,103,201,2026-02-21,2026-03-23,Trial_Expired,0.0
10688,105,202,2026-02-11,2026-03-13,Active,29.97
10688,102,202,2026-01-20,2026-02-19,Trial_Expired,0.0
10689,102,201,2026-03-24,2026-04-23,Trial_Expired,0.0
10689,104,202,2026-02-24,2026-03-26,Active,19.98
10689,103,202,2026-01-22,2026-02-21,Trial_Expired,0.0
10690,103,203,2026-01-31,2026-03-02,Active,19.98
10691,105,203,2026-01-22,2026-02-21,Trial_Expired,0.0
10691,104,203,2026-01-19,2026-02-18,Active,19.98
10691,102,201,2026-01-01,2026-01-31,Trial_Expired,0.0
10692,102,204,2026-01-21,2026-02-20,Trial_Expired,0.0
10693,103,201,2026-03-15,2026-04-14,Trial_Expired,0.0
10694,105,201,2026-03-20,2026-04-19,Trial_Expired,0.0
10694,102,204,2026-03-09,2026-04-08,Trial_Expired,0.0
10695,101,202,2026-03-22,2026-04-21,Trial_Expired,0.0
10696,103,202,2026-02-27,2026-03-29,Active,19.98
10696,102,202,2026-02-14,2026-03-16,Active,29.97
10697,105,203,2026-03-20,2026-04-19,Trial_Expired,0.0
10698,103,204,2026-02-24,2026-03-26,Trial_Expired,0.0
10699,104,201,2026-03-08,2026-04-07,Active,19.98
10699,101,203,2026-02-10,2026-03-12,Trial_Expired,0.0
10699,103,203,2026-01-03,2026-02-02,Trial_Expired,0.0
10700,103,203,2026-02-21,2026-03-23,Trial_Expired,0.0
10700,102,202,2026-01-10,2026-02-09,Active,19.98
10701,103,203,2026-03-04,2026-04-03,Trial_Expired,0.0
10701,102,204,2026-03-05,2026-04-04,Trial_Expired,0.0
10702,105,202,2026-02-28,2026-03-30,Trial_Expired,0.0
10702,102,201,2026-02-05,2026-03-07,Trial_Expired,0.0
10703,101,204,2026-03-16,2026-04-15,Active,9.99
10704,104,202,2026-01-17,2026-02-16,Active,9.99
10705,103,204,2026-03-22,2026-04-21,Active,19.98
10706,105,204,2026-01-18,2026-02-17,Trial_Expired,0.0
10707,105,202,2026-03-25,2026-04-24,Trial_Expired,0.0
10708,104,204,2026-03-23,2026-04-22,Trial_Expired,0.0
10709,102,204,2026-03-20,2026-04-19,Trial_Expired,0.0
10710,105,201,2026-01-26,2026-02-25,Active,39.96
10711,104,204,2026-02-11,2026-03-13,Trial_Expired,0.0
10712,102,203,2026-02-18,2026-03-20,Trial_Expired,0.0
10712,105,201,2026-03-13,2026-04-12,Trial_Expired,0.0
10713,103,201,2026-03-03,2026-04-02,Trial_Expired,0.0
10713,102,202,2026-01-10,2026-02-09,Active,39.96
10714,105,202,2026-03-19,2026-04-18,Trial_Expired,0.0
10715,104,204,2026-03-25,2026-04-24,Active,39.96
10716,101,204,2026-01-30,2026-03-01,Active,19.98
10716,105,204,2026-02-02,2026-03-04,Trial_Expired,0.0
10717,103,202,2026-02-17,2026-03-19,Active,19.98
10717,105,201,2026-03-14,2026-04-13,Trial_Expired,0.0
10718,101,204,2026-01-03,2026-02-02,Trial_Expired,0.0
10718,105,202,2026-03-07,2026-04-06,Trial_Expired,0.0
10719,103,204,2026-01-06,2026-02-05,Trial_Expired,0.0
10720,101,204,2026-02-20,2026-03-22,Active,39.96
10721,102,201,2026-02-17,2026-03-19,Trial_Expired,0.0
10722,104,203,2026-02-22,2026-03-24,Trial_Expired,0.0
10723,103,202,2026-01-21,2026-02-20,Trial_Expired,0.0
10724,101,202,2026-01-14,2026-02-13,Trial_Expired,0.0
10724,102,201,2026-02-03,2026-03-05,Active,19.98
10725,104,201,2026-02-11,2026-03-13,Active,19.98
10726,105,202,2026-01-02,2026-02-01,Active,19.98
10726,103,203,2026-01-06,2026-02-05,Active,29.97
10727,105,202,2026-01-11,2026-02-10,Active,39.96
10727,103,204,2026-03-26,2026-04-25,Trial_Expired,0.0
10728,103,202,2026-02-23,2026-03-25,Trial_Expired,0.0
10728,105,203,2026-01-21,2026-02-20,Active,19.98
10729,104,202,2026-02-07,2026-03-09,Active,39.96
10729,103,202,2026-02-13,2026-03-15,Trial_Expired,0.0
10730,105,204,2026-01-24,2026-02-23,Active,39.96
10731,103,202,2026-03-29,2026-04-28,Trial_Expired,0.0
10732,103,204,2026-03-15,2026-04-14,Trial_Expired,0.0
10733,104,204,2026-01-23,2026-02-22,Active,39.96
10734,101,202,2026-02-02,2026-03-04,Trial_Expired,0.0
10734,102,202,2026-02-16,2026-03-18,Trial_Expired,0.0
10735,105,204,2026-01-18,2026-02-17,Active,39.96
10735,104,202,2026-01-30,2026-03-01,Trial_Expired,0.0
10736,105,203,2026-03-31,2026-04-30,Trial_Expired,0.0
10737,103,203,2026-03-23,2026-04-22,Trial_Expired,0.0
10738,105,201,2026-01-24,2026-02-23,Trial_Expired,0.0
10739,103,201,2026-01-30,2026-03-01,Active,29.97
10740,105,204,2026-03-17,2026-04-16,Trial_Expired,0.0
10741,104,202,2026-01-02,2026-02-01,Active,29.97
10741,103,204,2026-03-31,2026-04-30,Trial_Expired,0.0
10741,102,204,2026-01-23,2026-02-22,Trial_Expired,0.0
10742,102,201,2026-03-15,2026-04-14,Trial_Expired,0.0
10742,103,202,2026-02-22,2026-03-24,Active,29.97
10743,102,202,2026-01-15,2026-02-14,Active,9.99
10744,105,201,2026-02-06,2026-03-08,Trial_Expired,0.0
10745,102,204,2026-02-09,2026-03-11,Active,29.97
10746,102,201,2026-01-25,2026-02-24,Active,19.98
10747,103,202,2026-03-10,2026-04-09,Trial_Expired,0.0
10748,104,201,2026-03-18,2026-04-17,Trial_Expired,0.0
10748,105,202,2026-02-27,2026-03-29,Trial_Expired,0.0
10749,104,203,2026-03-13,2026-04-12,Trial_Expired,0.0
10750,104,202,2026-01-05,2026-02-04,Trial_Expired,0.0
10751,101,201,2026-03-21,2026-04-20,Trial_Expired,0.0
10752,105,202,2026-01-09,2026-02-08,Trial_Expired,0.0
10753,104,201,2026-03-19,2026-04-18,Trial_Expired,0.0
10753,105,202,2026-02-14,2026-03-16,Active,39.96
10754,105,201,2026-01-01,2026-01-31,Active,19.98
10754,103,202,2026-03-29,2026-04-28,Trial_Expired,0.0
10754,102,202,2026-02-08,2026-03-10,Active,19.98
10755,102,202,2026-03-09,2026-04-08,Trial_Expired,0.0
10755,105,203,2026-02-18,2026-03-20,Trial_Expired,0.0
10756,104,202,2026-03-29,2026-04-28,Trial_Expired,0.0
10756,101,201,2026-03-21,2026-04-20,Trial_Expired,0.0
10757,101,202,2026-01-30,2026-03-01,Trial_Expired,0.0
10757,103,202,2026-03-27,2026-04-26,Trial_Expired,0.0
10758,102,204,2026-02-25,2026-03-27,Trial_Expired,0.0
10759,102,203,2026-01-28,2026-02-27,Active,9.99
10760,104,204,2026-02-14,2026-03-16,Active,19.98
10761,105,204,2026-01-07,2026-02-06,Active,9.99
10762,104,201,2026-02-11,2026-03-13,Active,29.97
10763,101,201,2026-02-20,2026-03-22,Trial_Expired,0.0
10764,104,201,2026-01-09,2026-02-08,Active,19.98
10764,103,201,2026-03-03,2026-04-02,Trial_Expired,0.0
10765,101,204,2026-02-19,2026-03-21,Active,19.98
10765,102,201,2026-03-03,2026-04-02,Trial_Expired,0.0
10765,104,202,2026-02-05,2026-03-07,Trial_Expired,0.0
10766,104,204,2026-01-21,2026-02-20,Trial_Expired,0.0
10767,101,204,2026-01-25,2026-02-24,Trial_Expired,0.0
10767,103,202,2026-01-21,2026-02-20,Trial_Expired,0.0
10767,102,201,2026-02-26,2026-03-28,Active,39.96
10768,104,201,2026-02-09,2026-03-11,Active,29.97
10768,105,201,2026-02-24,2026-03-26,Active,39.96
10768,101,204,2026-03-26,2026-04-25,Trial_Expired,0.0
10769,102,201,2026-03-28,2026-04-27,Trial_Expired,0.0
10769,105,204,2026-03-07,2026-04-06,Trial_Expired,0.0
10769,104,202,2026-01-07,2026-02-06,Trial_Expired,0.0
10770,102,202,2026-02-16,2026-03-18,Trial_Expired,0.0
10770,103,203,2026-01-19,2026-02-18,Trial_Expired,0.0
10770,105,203,2026-03-23,2026-04-22,Active,29.97
10771,103,204,2026-01-25,2026-02-24,Trial_Expired,0.0
10772,104,201,2026-01-14,2026-02-13,Active,19.98
10772,102,201,2026-03-24,2026-04-23,Trial_Expired,0.0
10773,102,201,2026-01-01,2026-01-31,Active,39.96
10773,101,201,2026-01-15,2026-02-14,Active,39.96
10774,104,201,2026-01-20,2026-02-19,Active,9.99
10775,104,202,2026-03-27,2026-04-26,Trial_Expired,0.0
10776,105,204,2026-02-18,2026-03-20,Trial_Expired,0.0
10777,101,203,2026-02-07,2026-03-09,Active,9.99
10778,104,203,2026-01-14,2026-02-13,Active,39.96
10778,101,204,2026-03-25,2026-04-24,Active,39.96
10779,103,201,2026-03-09,2026-04-08,Trial_Expired,0.0
10780,104,204,2026-02-19,2026-03-21,Active,39.96
10781,101,201,2026-01-17,2026-02-16,Active,19.98
10782,102,201,2026-02-03,2026-03-05,Active,19.98
10782,101,204,2026-02-27,2026-03-29,Active,19.98
10783,104,202,2026-03-08,2026-04-07,Trial_Expired,0.0
10783,103,204,2026-03-15,2026-04-14,Active,9.99
10784,104,204,2026-03-07,2026-04-06,Active,29.97
10785,105,204,2026-03-18,2026-04-17,Trial_Expired,0.0
10786,101,203,2026-02-09,2026-03-11,Trial_Expired,0.0
10786,102,204,2026-02-25,2026-03-27,Trial_Expired,0.0
10787,104,201,2026-02-05,2026-03-07,Active,29.97
10788,104,202,2026-02-12,2026-03-14,Trial_Expired,0.0
10788,103,204,2026-02-24,2026-03-26,Trial_Expired,0.0
10789,102,201,2026-01-13,2026-02-12,Active,9.99
10790,103,203,2026-03-21,2026-04-20,Trial_Expired,0.0
10790,105,203,2026-01-03,2026-02-02,Active,19.98
10791,101,203,2026-02-03,2026-03-05,Trial_Expired,0.0
10791,103,201,2026-03-16,2026-04-15,Trial_Expired,0.0
10792,104,204,2026-02-19,2026-03-21,Trial_Expired,0.0
10793,104,202,2026-01-23,2026-02-22,Active,19.98
10794,105,204,2026-03-13,2026-04-12,Trial_Expired,0.0
10794,102,203,2026-02-02,2026-03-04,Trial_Expired,0.0
10795,103,203,2026-02-06,2026-03-08,Trial_Expired,0.0
10796,104,202,2026-01-16,2026-02-15,Active,29.97
10797,102,204,2026-02-22,2026-03-24,Active,39.96
10797,104,201,2026-03-02,2026-04-01,Active,19.98
10798,105,204,2026-02-07,2026-03-09,Trial_Expired,0.0
10799,105,202,2026-01-09,2026-02-08,Trial_Expired,0.0
10799,101,202,2026-02-20,2026-03-22,Trial_Expired,0.0
10800,102,201,2026-02-27,2026-03-29,Active,9.99
10801,105,203,2026-03-23,2026-04-22,Trial_Expired,0.0
10802,102,203,2026-02-12,2026-03-14,Trial_Expired,0.0
10803,101,201,2026-03-05,2026-04-04,Trial_Expired,0.0
10804,105,202,2026-01-10,2026-02-09,Active,39.96
10805,104,201,2026-03-31,2026-04-30,Trial_Expired,0.0
10805,105,204,2026-03-31,2026-04-30,Trial_Expired,0.0
10805,102,203,2026-01-26,2026-02-25,Active,19.98
10806,102,201,2026-02-21,2026-03-23,Trial_Expired,0.0
10806,103,201,2026-03-21,2026-04-20,Trial_Expired,0.0
10807,101,202,2026-03-03,2026-04-02,Trial_Expired,0.0
10807,105,204,2026-03-30,2026-04-29,Trial_Expired,0.0
10808,101,204,2026-03-04,2026-04-03,Active,39.96
10809,103,202,2026-01-09,2026-02-08,Active,19.98
10810,103,201,2026-02-06,2026-03-08,Active,29.97
10811,103,201,2026-01-14,2026-02-13,Trial_Expired,0.0
10811,101,204,2026-03-14,2026-04-13,Active,29.97
10812,102,201,2026-03-13,2026-04-12,Trial_Expired,0.0
10812,104,201,2026-02-11,2026-03-13,Active,39.96
10812,101,202,2026-01-27,2026-02-26,Trial_Expired,0.0
10813,102,201,2026-03-15,2026-04-14,Trial_Expired,0.0
10813,104,201,2026-02-23,2026-03-25,Active,19.98
10814,101,204,2026-03-23,2026-04-22,Trial_Expired,0.0
10815,102,201,2026-03-22,2026-04-21,Trial_Expired,0.0
10815,105,203,2026-01-03,2026-02-02,Trial_Expired,0.0
10816,103,203,2026-03-06,2026-04-05,Active,19.98
10817,102,203,2026-02-23,2026-03-25,Trial_Expired,0.0
10817,101,202,2026-01-11,2026-02-10,Trial_Expired,0.0
10817,103,203,2026-03-09,2026-04-08,Trial_Expired,0.0
10818,105,203,2026-02-10,2026-03-12,Trial_Expired,0.0
10819,102,203,2026-01-26,2026-02-25,Active,39.96
10819,101,203,2026-01-02,2026-02-01,Trial_Expired,0.0
10820,103,201,2026-02-01,2026-03-03,Trial_Expired,0.0
10821,101,204,2026-02-05,2026-03-07,Active,9.99
10822,104,204,2026-03-29,2026-04-28,Trial_Expired,0.0
10823,103,202,2026-02-19,2026-03-21,Active,19.98
10823,102,204,2026-03-07,2026-04-06,Trial_Expired,0.0
10824,103,203,2026-01-17,2026-02-16,Trial_Expired,0.0
10825,104,203,2026-02-17,2026-03-19,Trial_Expired,0.0
10826,104,203,2026-02-20,2026-03-22,Trial_Expired,0.0
10826,101,201,2026-02-10,2026-03-12,Trial_Expired,0.0
10827,102,203,2026-01-14,2026-02-13,Trial_Expired,0.0
10827,103,202,2026-01-05,2026-02-04,Trial_Expired,0.0
10828,102,204,2026-01-09,2026-02-08,Trial_Expired,0.0
10829,104,204,2026-03-19,2026-04-18,Active,19.98
10830,101,204,2026-02-26,2026-03-28,Active,29.97
10830,103,203,2026-03-16,2026-04-15,Trial_Expired,0.0
10831,103,204,2026-03-23,2026-04-22,Trial_Expired,0.0
10831,101,202,2026-02-27,2026-03-29,Active,9.99
10832,103,201,2026-02-13,2026-03-15,Trial_Expired,0.0
10833,104,202,2026-02-02,2026-03-04,Active,19.98
10834,104,202,2026-01-30,2026-03-01,Active,19.98
10835,102,201,2026-02-13,2026-03-15,Active,29.97
10836,105,202,2026-02-16,2026-03-18,Trial_Expired,0.0
10837,101,203,2026-03-15,2026-04-14,Trial_Expired,0.0
10838,103,203,2026-03-11,2026-04-10,Trial_Expired,0.0
10839,104,202,2026-02-22,2026-03-24,Active,39.96
10839,103,201,2026-02-18,2026-03-20,Trial_Expired,0.0
10839,105,202,2026-03-07,2026-04-06,Active,19.98
10840,101,202,2026-01-22,2026-02-21,Active,19.98
10841,101,203,2026-02-26,2026-03-28,Trial_Expired,0.0
10842,102,203,2026-03-20,2026-04-19,Active,29.97
10842,104,203,2026-01-27,2026-02-26,Active,19.98
10843,104,203,2026-03-01,2026-03-31,Trial_Expired,0.0
10844,102,201,2026-01-26,2026-02-25,Active,39.96
10844,105,201,2026-03-10,2026-04-09,Trial_Expired,0.0
10845,102,202,2026-01-23,2026-02-22,Active,19.98
10846,105,201,2026-02-02,2026-03-04,Trial_Expired,0.0
10847,104,204,2026-02-19,2026-03-21,Trial_Expired,0.0
10848,103,202,2026-03-03,2026-04-02,Active,19.98
10849,101,204,2026-01-22,2026-02-21,Trial_Expired,0.0
10850,105,203,2026-01-10,2026-02-09,Trial_Expired,0.0
10851,105,203,2026-02-20,2026-03-22,Trial_Expired,0.0
10852,101,203,2026-02-17,2026-03-19,Trial_Expired,0.0
10853,102,201,2026-01-11,2026-02-10,Active,39.96
10854,105,201,2026-01-12,2026-02-11,Active,19.98
10854,102,204,2026-02-14,2026-03-16,Trial_Expired,0.0
10854,101,203,2026-01-22,2026-02-21,Trial_Expired,0.0
10855,104,203,2026-03-01,2026-03-31,Active,9.99
10855,101,204,2026-03-21,2026-04-20,Trial_Expired,0.0
10856,101,204,2026-02-07,2026-03-09,Trial_Expired,0.0
10856,104,202,2026-01-26,2026-02-25,Trial_Expired,0.0
10857,102,202,2026-03-08,2026-04-07,Trial_Expired,0.0
10857,103,201,2026-01-09,2026-02-08,Trial_Expired,0.0
10858,104,204,2026-03-11,2026-04-10,Trial_Expired,0.0
10858,101,203,2026-01-28,2026-02-27,Trial_Expired,0.0
10859,101,202,2026-03-17,2026-04-16,Active,19.98
10859,105,201,2026-03-28,2026-04-27,Trial_Expired,0.0
10860,102,201,2026-03-07,2026-04-06,Trial_Expired,0.0
10860,101,201,2026-02-08,2026-03-10,Trial_Expired,0.0
10860,104,201,2026-03-01,2026-03-31,Active,29.97
10861,105,201,2026-01-21,2026-02-20,Active,39.96
10862,105,202,2026-01-20,2026-02-19,Trial_Expired,0.0
10862,102,201,2026-02-01,2026-03-03,Active,9.99
10862,101,203,2026-03-08,2026-04-07,Trial_Expired,0.0
10863,102,201,2026-02-04,2026-03-06,Trial_Expired,0.0
10863,105,203,2026-01-22,2026-02-21,Active,9.99
10864,102,201,2026-03-29,2026-04-28,Trial_Expired,0.0
10865,101,203,2026-03-17,2026-04-16,Active,19.98
10866,103,203,2026-02-19,2026-03-21,Trial_Expired,0.0
10866,105,201,2026-01-15,2026-02-14,Active,29.97
10866,102,204,2026-03-27,2026-04-26,Active,19.98
10867,104,204,2026-03-01,2026-03-31,Active,29.97
10867,101,203,2026-03-31,2026-04-30,Trial_Expired,0.0
10868,102,203,2026-01-17,2026-02-16,Trial_Expired,0.0
10868,103,201,2026-03-22,2026-04-21,Trial_Expired,0.0
10869,104,202,2026-03-18,2026-04-17,Trial_Expired,0.0
10870,103,203,2026-03-02,2026-04-01,Trial_Expired,0.0
10870,105,201,2026-03-11,2026-04-10,Trial_Expired,0.0
10871,105,203,2026-03-29,2026-04-28,Trial_Expired,0.0
10872,103,203,2026-03-21,2026-04-20,Trial_Expired,0.0
10872,104,204,2026-01-16,2026-02-15,Trial_Expired,0.0
10873,101,204,2026-01-17,2026-02-16,Active,19.98
10874,103,204,2026-02-22,2026-03-24,Active,29.97
10875,102,203,2026-03-11,2026-04-10,Trial_Expired,0.0
10875,104,201,2026-03-20,2026-04-19,Trial_Expired,0.0
10876,105,202,2026-01-29,2026-02-28,Active,9.99
10877,105,202,2026-01-25,2026-02-24,Active,39.96
10878,103,202,2026-03-05,2026-04-04,Active,19.98
10879,102,201,2026-03-04,2026-04-03,Trial_Expired,0.0
10880,105,203,2026-01-12,2026-02-11,Trial_Expired,0.0
10880,101,202,2026-02-06,2026-03-08,Trial_Expired,0.0
10881,101,202,2026-01-04,2026-02-03,Trial_Expired,0.0
10882,101,203,2026-03-07,2026-04-06,Active,9.99
10882,105,202,2026-01-18,2026-02-17,Active,19.98
10883,102,203,2026-03-04,2026-04-03,Trial_Expired,0.0
10884,102,203,2026-01-21,2026-02-20,Trial_Expired,0.0
10885,103,204,2026-01-13,2026-02-12,Trial_Expired,0.0
10886,102,204,2026-01-21,2026-02-20,Active,9.99
10887,105,203,2026-01-06,2026-02-05,Trial_Expired,0.0
10887,102,202,2026-01-12,2026-02-11,Active,9.99
10888,104,202,2026-01-28,2026-02-27,Trial_Expired,0.0
10889,105,204,2026-03-23,2026-04-22,Active,39.96
10889,101,203,2026-02-03,2026-03-05,Trial_Expired,0.0
10890,104,203,2026-01-28,2026-02-27,Trial_Expired,0.0
10890,103,203,2026-01-23,2026-02-22,Trial_Expired,0.0
10891,105,202,2026-01-28,2026-02-27,Trial_Expired,0.0
10891,102,204,2026-03-23,2026-04-22,Trial_Expired,0.0
10892,104,202,2026-01-05,2026-02-04,Active,19.98
10893,103,204,2026-01-07,2026-02-06,Trial_Expired,0.0
10894,105,204,2026-01-04,2026-02-03,Active,39.96
10894,101,204,2026-01-25,2026-02-24,Trial_Expired,0.0
10895,101,203,2026-01-20,2026-02-19,Active,39.96
10896,101,204,2026-01-19,2026-02-18,Trial_Expired,0.0
10897,103,204,2026-01-25,2026-02-24,Trial_Expired,0.0
10898,105,203,2026-03-09,2026-04-08,Trial_Expired,0.0
10899,104,202,2026-01-10,2026-02-09,Trial_Expired,0.0
10899,101,203,2026-01-03,2026-02-02,Active,19.98
10899,102,202,2026-02-17,2026-03-19,Trial_Expired,0.0
10900,102,202,2026-01-02,2026-02-01,Trial_Expired,0.0
10900,105,203,2026-03-15,2026-04-14,Trial_Expired,0.0
10901,105,201,2026-01-19,2026-02-18,Trial_Expired,0.0
10901,102,204,2026-02-02,2026-03-04,Trial_Expired,0.0
10902,103,203,2026-03-28,2026-04-27,Trial_Expired,0.0
10902,105,202,2026-03-20,2026-04-19,Active,39.96
10903,101,202,2026-01-24,2026-02-23,Trial_Expired,0.0
10903,105,203,2026-01-11,2026-02-10,Trial_Expired,0.0
10904,105,204,2026-02-23,2026-03-25,Trial_Expired,0.0
10905,102,202,2026-02-16,2026-03-18,Trial_Expired,0.0
10906,102,201,2026-03-18,2026-04-17,Trial_Expired,0.0
10907,102,202,2026-01-20,2026-02-19,Trial_Expired,0.0
10908,102,201,2026-01-11,2026-02-10,Trial_Expired,0.0
10909,105,202,2026-02-05,2026-03-07,Trial_Expired,0.0
10910,105,203,2026-01-30,2026-03-01,Trial_Expired,0.0
10911,101,202,2026-03-16,2026-04-15,Trial_Expired,0.0
10911,102,203,2026-03-05,2026-04-04,Active,39.96
10912,101,201,2026-03-14,2026-04-13,Trial_Expired,0.0
10913,103,202,2026-01-13,2026-02-12,Trial_Expired,0.0
10914,101,204,2026-03-20,2026-04-19,Active,19.98
10915,102,201,2026-03-26,2026-04-25,Trial_Expired,0.0
10915,105,204,2026-02-23,2026-03-25,Trial_Expired,0.0
10916,102,203,2026-03-12,2026-04-11,Trial_Expired,0.0
10916,101,201,2026-03-03,2026-04-02,Trial_Expired,0.0
10917,102,204,2026-03-22,2026-04-21,Trial_Expired,0.0
10917,105,204,2026-01-27,2026-02-26,Active,29.97
10918,105,204,2026-01-20,2026-02-19,Trial_Expired,0.0
10918,102,204,2026-01-19,2026-02-18,Trial_Expired,0.0
10919,103,204,2026-03-31,2026-04-30,Active,39.96
10920,105,203,2026-01-12,2026-02-11,Trial_Expired,0.0
10921,101,202,2026-02-04,2026-03-06,Active,39.96
10921,105,204,2026-03-03,2026-04-02,Trial_Expired,0.0
10922,103,204,2026-01-10,2026-02-09,Trial_Expired,0.0
10922,101,201,2026-03-11,2026-04-10,Trial_Expired,0.0
10923,104,204,2026-02-23,2026-03-25,Active,39.96
10924,104,202,2026-02-19,2026-03-21,Trial_Expired,0.0
10924,101,204,2026-02-02,2026-03-04,Active,19.98
10925,104,203,2026-01-23,2026-02-22,Trial_Expired,0.0
10925,103,203,2026-03-30,2026-04-29,Trial_Expired,0.0
10926,103,204,2026-02-28,2026-03-30,Active,39.96
10927,101,203,2026-02-28,2026-03-30,Trial_Expired,0.0
10928,101,204,2026-03-03,2026-04-02,Trial_Expired,0.0
10928,104,204,2026-01-17,2026-02-16,Active,19.98
10929,104,204,2026-03-05,2026-04-04,Active,19.98
10930,105,202,2026-02-18,2026-03-20,Active,9.99
10931,102,203,2026-01-24,2026-02-23,Trial_Expired,0.0
10931,103,203,2026-03-22,2026-04-21,Trial_Expired,0.0
10932,105,204,2026-01-12,2026-02-11,Trial_Expired,0.0
10933,102,204,2026-02-08,2026-03-10,Active,9.99
10933,104,203,2026-02-03,2026-03-05,Trial_Expired,0.0
10934,104,202,2026-01-15,2026-02-14,Trial_Expired,0.0
10934,101,201,2026-03-09,2026-04-08,Active,19.98
10935,102,203,2026-02-13,2026-03-15,Trial_Expired,0.0
10936,103,201,2026-03-16,2026-04-15,Trial_Expired,0.0
10937,105,203,2026-01-29,2026-02-28,Active,19.98
10938,102,201,2026-01-30,2026-03-01,Trial_Expired,0.0
10938,103,202,2026-03-06,2026-04-05,Trial_Expired,0.0
10939,102,202,2026-03-25,2026-04-24,Active,29.97
10939,105,203,2026-03-19,2026-04-18,Active,9.99
10940,103,202,2026-01-17,2026-02-16,Active,9.99
10941,101,201,2026-01-21,2026-02-20,Trial_Expired,0.0
10942,101,201,2026-02-02,2026-03-04,Active,39.96
10943,102,203,2026-01-19,2026-02-18,Trial_Expired,0.0
10944,101,201,2026-01-13,2026-02-12,Active,19.98
10944,103,202,2026-01-27,2026-02-26,Trial_Expired,0.0
10945,104,204,2026-02-17,2026-03-19,Trial_Expired,0.0
10946,104,203,2026-02-18,2026-03-20,Trial_Expired,0.0
10947,105,202,2026-03-15,2026-04-14,Active,39.96
10948,102,201,2026-01-27,2026-02-26,Trial_Expired,0.0
10948,101,202,2026-02-06,2026-03-08,Active,19.98
10949,104,204,2026-03-13,2026-04-12,Trial_Expired,0.0
10949,102,202,2026-03-11,2026-04-10,Trial_Expired,0.0
10950,103,203,2026-01-12,2026-02-11,Trial_Expired,0.0
10950,101,204,2026-03-12,2026-04-11,Trial_Expired,0.0
10951,103,203,2026-02-25,2026-03-27,Active,39.96
10952,105,203,2026-01-15,2026-02-14,Trial_Expired,0.0
10953,104,202,2026-01-10,2026-02-09,Active,9.99
10953,102,204,2026-03-12,2026-04-11,Active,19.98
10954,103,202,2026-01-26,2026-02-25,Active,19.98
10955,104,201,2026-01-02,2026-02-01,Trial_Expired,0.0
10955,103,203,2026-03-28,2026-04-27,Active,39.96
10956,103,201,2026-01-24,2026-02-23,Trial_Expired,0.0
10956,105,203,2026-03-16,2026-04-15,Active,29.97
10956,101,201,2026-03-18,2026-04-17,Trial_Expired,0.0
10957,101,203,2026-03-06,2026-04-05,Active,29.97
10958,104,203,2026-02-08,2026-03-10,Active,9.99
10959,101,202,2026-03-17,2026-04-16,Trial_Expired,0.0
10960,103,202,2026-01-01,2026-01-31,Trial_Expired,0.0
10961,104,202,2026-02-21,2026-03-23,Active,19.98
10962,102,201,2026-02-09,2026-03-11,Active,9.99
10962,103,203,2026-01-22,2026-02-21,Active,19.98
10963,105,204,2026-01-07,2026-02-06,Trial_Expired,0.0
10964,101,202,2026-02-06,2026-03-08,Active,39.96
10964,102,201,2026-03-27,2026-04-26,Active,9.99
10965,103,201,2026-03-15,2026-04-14,Active,39.96
10965,101,201,2026-01-04,2026-02-03,Trial_Expired,0.0
10965,102,204,2026-01-18,2026-02-17,Trial_Expired,0.0
10966,104,203,2026-01-28,2026-02-27,Trial_Expired,0.0
10966,105,201,2026-01-10,2026-02-09,Trial_Expired,0.0
10966,103,203,2026-01-09,2026-02-08,Active,29.97
10967,105,204,2026-02-10,2026-03-12,Trial_Expired,0.0
10968,104,204,2026-02-03,2026-03-05,Trial_Expired,0.0
10969,104,202,2026-01-31,2026-03-02,Trial_Expired,0.0
10970,102,201,2026-01-08,2026-02-07,Active,39.96
10970,103,204,2026-01-28,2026-02-27,Trial_Expired,0.0
10970,101,203,2026-03-27,2026-04-26,Trial_Expired,0.0
10971,105,203,2026-03-23,2026-04-22,Trial_Expired,0.0
10972,104,202,2026-03-01,2026-03-31,Trial_Expired,0.0
10973,101,201,2026-02-02,2026-03-04,Trial_Expired,0.0
10973,103,201,2026-01-10,2026-02-09,Active,9.99
10974,102,201,2026-01-17,2026-02-16,Trial_Expired,0.0
10975,105,203,2026-03-05,2026-04-04,Trial_Expired,0.0
10976,104,201,2026-03-10,2026-04-09,Active,29.97
10976,102,201,2026-03-16,2026-04-15,Trial_Expired,0.0
10976,103,204,2026-01-02,2026-02-01,Active,39.96
10977,104,202,2026-03-28,2026-04-27,Trial_Expired,0.0
10977,102,202,2026-02-12,2026-03-14,Trial_Expired,0.0
10977,105,202,2026-03-11,2026-04-10,Active,19.98
10978,103,203,2026-02-17,2026-03-19,Trial_Expired,0.0
10979,103,203,2026-01-19,2026-02-18,Trial_Expired,0.0
10980,105,202,2026-02-26,2026-03-28,Trial_Expired,0.0
10980,102,202,2026-01-26,2026-02-25,Trial_Expired,0.0
10981,105,203,2026-03-11,2026-04-10,Active,19.98
10982,102,204,2026-03-11,2026-04-10,Active,29.97
10982,104,203,2026-01-30,2026-03-01,Trial_Expired,0.0
10982,105,201,2026-03-12,2026-04-11,Active,19.98
10983,103,201,2026-01-23,2026-02-22,Trial_Expired,0.0
10983,104,204,2026-03-07,2026-04-06,Active,9.99
10983,101,201,2026-03-18,2026-04-17,Trial_Expired,0.0
10984,105,204,2026-03-07,2026-04-06,Active,19.98
10984,101,201,2026-01-28,2026-02-27,Active,9.99
10985,101,202,2026-02-16,2026-03-18,Trial_Expired,0.0
10986,105,203,2026-03-16,2026-04-15,Trial_Expired,0.0
10987,101,202,2026-02-18,2026-03-20,Trial_Expired,0.0
10988,101,204,2026-01-25,2026-02-24,Active,29.97
10989,101,203,2026-03-22,2026-04-21,Active,19.98
10990,103,201,2026-01-11,2026-02-10,Trial_Expired,0.0
10991,101,204,2026-02-09,2026-03-11,Active,19.98
10992,102,201,2026-03-14,2026-04-13,Trial_Expired,0.0
10992,104,202,2026-03-18,2026-04-17,Trial_Expired,0.0
10993,104,201,2026-03-29,2026-04-28,Trial_Expired,0.0
10994,105,201,2026-03-27,2026-04-26,Active,9.99
10995,102,202,2026-01-24,2026-02-23,Active,9.99
10996,104,204,2026-01-03,2026-02-02,Trial_Expired,0.0
10996,105,203,2026-01-16,2026-02-15,Trial_Expired,0.0
10997,104,204,2026-02-02,2026-03-04,Trial_Expired,0.0
10997,102,204,2026-01-15,2026-02-14,Trial_Expired,0.0
10998,103,202,2026-03-12,2026-04-11,Active,19.98
10999,104,202,2026-03-03,2026-04-02,Trial_Expired,0.0
